mutated_codon,mutation_aa_pos,mutation_alt_codons,mutation_alt_aa,mutation_type,nt_seq,aa_seq,Nham_nt,Nham_aa,Nham_codons,aa_pos,alt_aa,wt_aa,confidence_score,Mean_exp_freq,TR_freq,frequency,Timepoint,Replicate,Sample attributes,Sample_name
0,not-applicable,not-applicable,not-applicable,wt,TTTTTAGTTTTATCTTTGAGAGATCCA,FLVLSLRDP,0,0,0,not-applicable,not-applicable,not-applicable,1,-3.610224488936737,T0_1_freq,0.018490018958403034,T0,1,BY4741__FKS1__HS1__FKS1-HS1,S-FKS1-HS1
1,639,AAG,K,missense,AAGTTAGTTTTATCTTTGAGAGATCCA,KLVLSLRDP,3,1,1,639,K,F,1,-3.610224488936737,T0_1_freq,0.007204193152670905,T0,1,BY4741__FKS1__HS1__FKS1-HS1,S-FKS1-HS1
1,639,AAT,N,missense,AATTTAGTTTTATCTTTGAGAGATCCA,NLVLSLRDP,2,1,1,639,N,F,1,-3.610224488936737,T0_1_freq,0.004103936656629865,T0,1,BY4741__FKS1__HS1__FKS1-HS1,S-FKS1-HS1
1,639,ACG,T,missense,ACGTTAGTTTTATCTTTGAGAGATCCA,TLVLSLRDP,3,1,1,639,T,F,1,-3.610224488936737,T0_1_freq,0.010772833723653397,T0,1,BY4741__FKS1__HS1__FKS1-HS1,S-FKS1-HS1
1,639,ACT,T,missense,ACTTTAGTTTTATCTTTGAGAGATCCA,TLVLSLRDP,2,1,1,639,T,F,1,-3.610224488936737,T0_1_freq,0.005799040927846549,T0,1,BY4741__FKS1__HS1__FKS1-HS1,S-FKS1-HS1
1,639,AGG,R,missense,AGGTTAGTTTTATCTTTGAGAGATCCA,RLVLSLRDP,3,1,1,639,R,F,1,-3.610224488936737,T0_1_freq,0.006691201070592171,T0,1,BY4741__FKS1__HS1__FKS1-HS1,S-FKS1-HS1
1,639,AGT,S,missense,AGTTTAGTTTTATCTTTGAGAGATCCA,SLVLSLRDP,2,1,1,639,S,F,1,-3.610224488936737,T0_1_freq,0.003546336567413851,T0,1,BY4741__FKS1__HS1__FKS1-HS1,S-FKS1-HS1
1,639,ATG,M,missense,ATGTTAGTTTTATCTTTGAGAGATCCA,MLVLSLRDP,2,1,1,639,M,F,1,-3.610224488936737,T0_1_freq,0.009501505520240884,T0,1,BY4741__FKS1__HS1__FKS1-HS1,S-FKS1-HS1
1,639,ATT,I,missense,ATTTTAGTTTTATCTTTGAGAGATCCA,ILVLSLRDP,1,1,1,639,I,F,1,-3.610224488936737,T0_1_freq,0.003747072599531616,T0,1,BY4741__FKS1__HS1__FKS1-HS1,S-FKS1-HS1
1,639,CAG,Q,missense,CAGTTAGTTTTATCTTTGAGAGATCCA,QLVLSLRDP,3,1,1,639,Q,F,1,-3.610224488936737,T0_1_freq,0.009813761570201852,T0,1,BY4741__FKS1__HS1__FKS1-HS1,S-FKS1-HS1
1,639,CAT,H,missense,CATTTAGTTTTATCTTTGAGAGATCCA,HLVLSLRDP,2,1,1,639,H,F,1,-3.610224488936737,T0_1_freq,0.005620608899297424,T0,1,BY4741__FKS1__HS1__FKS1-HS1,S-FKS1-HS1
1,639,CCG,P,missense,CCGTTAGTTTTATCTTTGAGAGATCCA,PLVLSLRDP,3,1,1,639,P,F,1,-3.610224488936737,T0_1_freq,0.010059105609456897,T0,1,BY4741__FKS1__HS1__FKS1-HS1,S-FKS1-HS1
1,639,CCT,P,missense,CCTTTAGTTTTATCTTTGAGAGATCCA,PLVLSLRDP,2,1,1,639,P,F,1,-3.610224488936737,T0_1_freq,0.004839968774395004,T0,1,BY4741__FKS1__HS1__FKS1-HS1,S-FKS1-HS1
1,639,CGG,R,missense,CGGTTAGTTTTATCTTTGAGAGATCCA,RLVLSLRDP,3,1,1,639,R,F,1,-3.610224488936737,T0_1_freq,0.007739489238318278,T0,1,BY4741__FKS1__HS1__FKS1-HS1,S-FKS1-HS1
1,639,CGT,R,missense,CGTTTAGTTTTATCTTTGAGAGATCCA,RLVLSLRDP,2,1,1,639,R,F,1,-3.610224488936737,T0_1_freq,0.00430467268874763,T0,1,BY4741__FKS1__HS1__FKS1-HS1,S-FKS1-HS1
1,639,CTG,L,missense,CTGTTAGTTTTATCTTTGAGAGATCCA,LLVLSLRDP,2,1,1,639,L,F,1,-3.610224488936737,T0_1_freq,0.009323073491691758,T0,1,BY4741__FKS1__HS1__FKS1-HS1,S-FKS1-HS1
1,639,CTT,L,missense,CTTTTAGTTTTATCTTTGAGAGATCCA,LLVLSLRDP,1,1,1,639,L,F,1,-3.610224488936737,T0_1_freq,0.004550016728002677,T0,1,BY4741__FKS1__HS1__FKS1-HS1,S-FKS1-HS1
1,639,GAG,E,missense,GAGTTAGTTTTATCTTTGAGAGATCCA,ELVLSLRDP,3,1,1,639,E,F,1,-3.610224488936737,T0_1_freq,0.006267425002788001,T0,1,BY4741__FKS1__HS1__FKS1-HS1,S-FKS1-HS1
1,639,GAT,D,missense,GATTTAGTTTTATCTTTGAGAGATCCA,DLVLSLRDP,2,1,1,639,D,F,1,-3.610224488936737,T0_1_freq,0.0037693766031002564,T0,1,BY4741__FKS1__HS1__FKS1-HS1,S-FKS1-HS1
1,639,GCG,A,missense,GCGTTAGTTTTATCTTTGAGAGATCCA,ALVLSLRDP,3,1,1,639,A,F,1,-3.610224488936737,T0_1_freq,0.008943905431024869,T0,1,BY4741__FKS1__HS1__FKS1-HS1,S-FKS1-HS1
1,639,GCT,A,missense,GCTTTAGTTTTATCTTTGAGAGATCCA,ALVLSLRDP,2,1,1,639,A,F,1,-3.610224488936737,T0_1_freq,0.005419872867179659,T0,1,BY4741__FKS1__HS1__FKS1-HS1,S-FKS1-HS1
1,639,GGG,G,missense,GGGTTAGTTTTATCTTTGAGAGATCCA,GLVLSLRDP,3,1,1,639,G,F,1,-3.610224488936737,T0_1_freq,0.004906880785100926,T0,1,BY4741__FKS1__HS1__FKS1-HS1,S-FKS1-HS1
1,639,GGT,G,missense,GGTTTAGTTTTATCTTTGAGAGATCCA,GLVLSLRDP,2,1,1,639,G,F,1,-3.610224488936737,T0_1_freq,0.003702464592394335,T0,1,BY4741__FKS1__HS1__FKS1-HS1,S-FKS1-HS1
1,639,GTG,V,missense,GTGTTAGTTTTATCTTTGAGAGATCCA,VLVLSLRDP,2,1,1,639,V,F,1,-3.610224488936737,T0_1_freq,0.007494145199063232,T0,1,BY4741__FKS1__HS1__FKS1-HS1,S-FKS1-HS1
1,639,GTT,V,missense,GTTTTAGTTTTATCTTTGAGAGATCCA,VLVLSLRDP,1,1,1,639,V,F,1,-3.610224488936737,T0_1_freq,0.0036132485781197724,T0,1,BY4741__FKS1__HS1__FKS1-HS1,S-FKS1-HS1
1,639,TAG,*,nonsense,TAGTTAGTTTTATCTTTGAGAGATCCA,*LVLSLRDP,2,1,1,639,*,F,1,-3.610224488936737,T0_1_freq,0.006981153116984499,T0,1,BY4741__FKS1__HS1__FKS1-HS1,S-FKS1-HS1
1,639,TAT,Y,missense,TATTTAGTTTTATCTTTGAGAGATCCA,YLVLSLRDP,1,1,1,639,Y,F,1,-3.610224488936737,T0_1_freq,0.0028995204639232744,T0,1,BY4741__FKS1__HS1__FKS1-HS1,S-FKS1-HS1
1,639,TCG,S,missense,TCGTTAGTTTTATCTTTGAGAGATCCA,SLVLSLRDP,2,1,1,639,S,F,1,-3.610224488936737,T0_1_freq,0.011107393777183004,T0,1,BY4741__FKS1__HS1__FKS1-HS1,S-FKS1-HS1
1,639,TCT,S,missense,TCTTTAGTTTTATCTTTGAGAGATCCA,SLVLSLRDP,1,1,1,639,S,F,1,-3.610224488936737,T0_1_freq,0.00430467268874763,T0,1,BY4741__FKS1__HS1__FKS1-HS1,S-FKS1-HS1
1,639,TGG,W,missense,TGGTTAGTTTTATCTTTGAGAGATCCA,WLVLSLRDP,2,1,1,639,W,F,1,-3.610224488936737,T0_1_freq,0.007360321177651389,T0,1,BY4741__FKS1__HS1__FKS1-HS1,S-FKS1-HS1
1,639,TGT,C,missense,TGTTTAGTTTTATCTTTGAGAGATCCA,CLVLSLRDP,1,1,1,639,C,F,1,-3.610224488936737,T0_1_freq,0.003702464592394335,T0,1,BY4741__FKS1__HS1__FKS1-HS1,S-FKS1-HS1
1,639,TTG,L,missense,TTGTTAGTTTTATCTTTGAGAGATCCA,LLVLSLRDP,1,1,1,639,L,F,1,-3.610224488936737,T0_1_freq,0.009323073491691758,T0,1,BY4741__FKS1__HS1__FKS1-HS1,S-FKS1-HS1
1,640,AAG,K,missense,TTTAAGGTTTTATCTTTGAGAGATCCA,FKVLSLRDP,3,1,1,640,K,L,1,-3.610224488936737,T0_1_freq,0.006356641017062563,T0,1,BY4741__FKS1__HS1__FKS1-HS1,S-FKS1-HS1
1,640,AAT,N,missense,TTTAATGTTTTATCTTTGAGAGATCCA,FNVLSLRDP,3,1,1,640,N,L,1,-3.610224488936737,T0_1_freq,0.00506300881008141,T0,1,BY4741__FKS1__HS1__FKS1-HS1,S-FKS1-HS1
1,640,ACG,T,missense,TTTACGGTTTTATCTTTGAGAGATCCA,FTVLSLRDP,3,1,1,640,T,L,1,-3.610224488936737,T0_1_freq,0.008810081409613025,T0,1,BY4741__FKS1__HS1__FKS1-HS1,S-FKS1-HS1
1,640,ACT,T,missense,TTTACTGTTTTATCTTTGAGAGATCCA,FTVLSLRDP,3,1,1,640,T,L,1,-3.610224488936737,T0_1_freq,0.004884576781532285,T0,1,BY4741__FKS1__HS1__FKS1-HS1,S-FKS1-HS1
1,640,AGG,R,missense,TTTAGGGTTTTATCTTTGAGAGATCCA,FRVLSLRDP,3,1,1,640,R,L,1,-3.610224488936737,T0_1_freq,0.005509088881454221,T0,1,BY4741__FKS1__HS1__FKS1-HS1,S-FKS1-HS1
1,640,AGT,S,missense,TTTAGTGTTTTATCTTTGAGAGATCCA,FSVLSLRDP,3,1,1,640,S,L,1,-3.610224488936737,T0_1_freq,0.0035686405709824914,T0,1,BY4741__FKS1__HS1__FKS1-HS1,S-FKS1-HS1
1,640,ATG,M,missense,TTTATGGTTTTATCTTTGAGAGATCCA,FMVLSLRDP,2,1,1,640,M,L,1,-3.610224488936737,T0_1_freq,0.008029441284710606,T0,1,BY4741__FKS1__HS1__FKS1-HS1,S-FKS1-HS1
1,640,ATT,I,missense,TTTATTGTTTTATCTTTGAGAGATCCA,FIVLSLRDP,2,1,1,640,I,L,1,-3.610224488936737,T0_1_freq,0.004438496710159474,T0,1,BY4741__FKS1__HS1__FKS1-HS1,S-FKS1-HS1
1,640,CAG,Q,missense,TTTCAGGTTTTATCTTTGAGAGATCCA,FQVLSLRDP,3,1,1,640,Q,L,1,-3.610224488936737,T0_1_freq,0.008341697334671574,T0,1,BY4741__FKS1__HS1__FKS1-HS1,S-FKS1-HS1
1,640,CAT,H,missense,TTTCATGTTTTATCTTTGAGAGATCCA,FHVLSLRDP,3,1,1,640,H,L,1,-3.610224488936737,T0_1_freq,0.005776736924277908,T0,1,BY4741__FKS1__HS1__FKS1-HS1,S-FKS1-HS1
1,640,CCG,P,missense,TTTCCGGTTTTATCTTTGAGAGATCCA,FPVLSLRDP,3,1,1,640,P,L,1,-3.610224488936737,T0_1_freq,0.007583361213337794,T0,1,BY4741__FKS1__HS1__FKS1-HS1,S-FKS1-HS1
1,640,CCT,P,missense,TTTCCTGTTTTATCTTTGAGAGATCCA,FPVLSLRDP,3,1,1,640,P,L,1,-3.610224488936737,T0_1_freq,0.004505408720865395,T0,1,BY4741__FKS1__HS1__FKS1-HS1,S-FKS1-HS1
1,640,CGG,R,missense,TTTCGGGTTTTATCTTTGAGAGATCCA,FRVLSLRDP,3,1,1,640,R,L,1,-3.610224488936737,T0_1_freq,0.006088992974238876,T0,1,BY4741__FKS1__HS1__FKS1-HS1,S-FKS1-HS1
1,640,CGT,R,missense,TTTCGTGTTTTATCTTTGAGAGATCCA,FRVLSLRDP,3,1,1,640,R,L,1,-3.610224488936737,T0_1_freq,0.003858592617374819,T0,1,BY4741__FKS1__HS1__FKS1-HS1,S-FKS1-HS1
1,640,CTG,L,silent,TTTCTGGTTTTATCTTTGAGAGATCCA,FLVLSLRDP,2,0,1,not-applicable,not-applicable,not-applicable,1,-3.610224488936737,T0_1_freq,0.008007137281141965,T0,1,BY4741__FKS1__HS1__FKS1-HS1,S-FKS1-HS1
1,640,CTT,L,silent,TTTCTTGTTTTATCTTTGAGAGATCCA,FLVLSLRDP,2,0,1,not-applicable,not-applicable,not-applicable,1,-3.610224488936737,T0_1_freq,0.004460800713728114,T0,1,BY4741__FKS1__HS1__FKS1-HS1,S-FKS1-HS1
1,640,GAG,E,missense,TTTGAGGTTTTATCTTTGAGAGATCCA,FEVLSLRDP,3,1,1,640,E,L,1,-3.610224488936737,T0_1_freq,0.006378945020631203,T0,1,BY4741__FKS1__HS1__FKS1-HS1,S-FKS1-HS1
1,640,GAT,D,missense,TTTGATGTTTTATCTTTGAGAGATCCA,FDVLSLRDP,3,1,1,640,D,L,1,-3.610224488936737,T0_1_freq,0.004505408720865395,T0,1,BY4741__FKS1__HS1__FKS1-HS1,S-FKS1-HS1
1,640,GCG,A,missense,TTTGCGGTTTTATCTTTGAGAGATCCA,FAVLSLRDP,3,1,1,640,A,L,1,-3.610224488936737,T0_1_freq,0.006780417084866734,T0,1,BY4741__FKS1__HS1__FKS1-HS1,S-FKS1-HS1
1,640,GCT,A,missense,TTTGCTGTTTTATCTTTGAGAGATCCA,FAVLSLRDP,3,1,1,640,A,L,1,-3.610224488936737,T0_1_freq,0.003992416638786662,T0,1,BY4741__FKS1__HS1__FKS1-HS1,S-FKS1-HS1
1,640,GGG,G,missense,TTTGGGGTTTTATCTTTGAGAGATCCA,FGVLSLRDP,3,1,1,640,G,L,1,-3.610224488936737,T0_1_freq,0.004260064681610349,T0,1,BY4741__FKS1__HS1__FKS1-HS1,S-FKS1-HS1
1,640,GGT,G,missense,TTTGGTGTTTTATCTTTGAGAGATCCA,FGVLSLRDP,3,1,1,640,G,L,1,-3.610224488936737,T0_1_freq,0.002765696442511431,T0,1,BY4741__FKS1__HS1__FKS1-HS1,S-FKS1-HS1
1,640,GTG,V,missense,TTTGTGGTTTTATCTTTGAGAGATCCA,FVVLSLRDP,2,1,1,640,V,L,1,-3.610224488936737,T0_1_freq,0.007248801159808186,T0,1,BY4741__FKS1__HS1__FKS1-HS1,S-FKS1-HS1
1,640,GTT,V,missense,TTTGTTGTTTTATCTTTGAGAGATCCA,FVVLSLRDP,2,1,1,640,V,L,1,-3.610224488936737,T0_1_freq,0.005308352849336456,T0,1,BY4741__FKS1__HS1__FKS1-HS1,S-FKS1-HS1
1,640,TAG,*,nonsense,TTTTAGGTTTTATCTTTGAGAGATCCA,F*VLSLRDP,2,1,1,640,*,L,1,-3.610224488936737,T0_1_freq,0.006155904984944798,T0,1,BY4741__FKS1__HS1__FKS1-HS1,S-FKS1-HS1
1,640,TAT,Y,missense,TTTTATGTTTTATCTTTGAGAGATCCA,FYVLSLRDP,2,1,1,640,Y,L,1,-3.610224488936737,T0_1_freq,0.003747072599531616,T0,1,BY4741__FKS1__HS1__FKS1-HS1,S-FKS1-HS1
1,640,TCG,S,missense,TTTTCGGTTTTATCTTTGAGAGATCCA,FSVLSLRDP,2,1,1,640,S,L,1,-3.610224488936737,T0_1_freq,0.008140961302553809,T0,1,BY4741__FKS1__HS1__FKS1-HS1,S-FKS1-HS1
1,640,TCT,S,missense,TTTTCTGTTTTATCTTTGAGAGATCCA,FSVLSLRDP,2,1,1,640,S,L,1,-3.610224488936737,T0_1_freq,0.003390208542433367,T0,1,BY4741__FKS1__HS1__FKS1-HS1,S-FKS1-HS1
1,640,TGG,W,missense,TTTTGGGTTTTATCTTTGAGAGATCCA,FWVLSLRDP,2,1,1,640,W,L,1,-3.610224488936737,T0_1_freq,0.004996096799375488,T0,1,BY4741__FKS1__HS1__FKS1-HS1,S-FKS1-HS1
1,640,TGT,C,missense,TTTTGTGTTTTATCTTTGAGAGATCCA,FCVLSLRDP,2,1,1,640,C,L,1,-3.610224488936737,T0_1_freq,0.0036578565852570535,T0,1,BY4741__FKS1__HS1__FKS1-HS1,S-FKS1-HS1
1,640,TTG,L,silent,TTTTTGGTTTTATCTTTGAGAGATCCA,FLVLSLRDP,1,0,1,not-applicable,not-applicable,not-applicable,1,-3.610224488936737,T0_1_freq,0.007761793241886919,T0,1,BY4741__FKS1__HS1__FKS1-HS1,S-FKS1-HS1
1,640,TTT,F,missense,TTTTTTGTTTTATCTTTGAGAGATCCA,FFVLSLRDP,1,1,1,640,F,L,1,-3.610224488936737,T0_1_freq,0.0035017285602765695,T0,1,BY4741__FKS1__HS1__FKS1-HS1,S-FKS1-HS1
1,641,AAG,K,missense,TTTTTAAAGTTATCTTTGAGAGATCCA,FLKLSLRDP,3,1,1,641,K,V,1,-3.610224488936737,T0_1_freq,0.00702576112412178,T0,1,BY4741__FKS1__HS1__FKS1-HS1,S-FKS1-HS1
1,641,AAT,N,missense,TTTTTAAATTTATCTTTGAGAGATCCA,FLNLSLRDP,2,1,1,641,N,V,1,-3.610224488936737,T0_1_freq,0.004148544663767146,T0,1,BY4741__FKS1__HS1__FKS1-HS1,S-FKS1-HS1
1,641,ACG,T,missense,TTTTTAACGTTATCTTTGAGAGATCCA,FLTLSLRDP,3,1,1,641,T,V,1,-3.610224488936737,T0_1_freq,0.007516449202631873,T0,1,BY4741__FKS1__HS1__FKS1-HS1,S-FKS1-HS1
1,641,ACT,T,missense,TTTTTAACTTTATCTTTGAGAGATCCA,FLTLSLRDP,2,1,1,641,T,V,1,-3.610224488936737,T0_1_freq,0.003925504628080741,T0,1,BY4741__FKS1__HS1__FKS1-HS1,S-FKS1-HS1
1,641,AGG,R,missense,TTTTTAAGGTTATCTTTGAGAGATCCA,FLRLSLRDP,3,1,1,641,R,V,1,-3.610224488936737,T0_1_freq,0.006111296977807517,T0,1,BY4741__FKS1__HS1__FKS1-HS1,S-FKS1-HS1
1,641,AGT,S,missense,TTTTTAAGTTTATCTTTGAGAGATCCA,FLSLSLRDP,2,1,1,641,S,V,1,-3.610224488936737,T0_1_freq,0.0036578565852570535,T0,1,BY4741__FKS1__HS1__FKS1-HS1,S-FKS1-HS1
1,641,ATG,M,missense,TTTTTAATGTTATCTTTGAGAGATCCA,FLMLSLRDP,2,1,1,641,M,V,1,-3.610224488936737,T0_1_freq,0.007962529274004685,T0,1,BY4741__FKS1__HS1__FKS1-HS1,S-FKS1-HS1
1,641,ATT,I,missense,TTTTTAATTTTATCTTTGAGAGATCCA,FLILSLRDP,1,1,1,641,I,V,1,-3.610224488936737,T0_1_freq,0.003702464592394335,T0,1,BY4741__FKS1__HS1__FKS1-HS1,S-FKS1-HS1
1,641,CAG,Q,missense,TTTTTACAGTTATCTTTGAGAGATCCA,FLQLSLRDP,3,1,1,641,Q,V,1,-3.610224488936737,T0_1_freq,0.00858704137392662,T0,1,BY4741__FKS1__HS1__FKS1-HS1,S-FKS1-HS1
1,641,CAT,H,missense,TTTTTACATTTATCTTTGAGAGATCCA,FLHLSLRDP,2,1,1,641,H,V,1,-3.610224488936737,T0_1_freq,0.0038808966209434594,T0,1,BY4741__FKS1__HS1__FKS1-HS1,S-FKS1-HS1
1,641,CCG,P,missense,TTTTTACCGTTATCTTTGAGAGATCCA,FLPLSLRDP,3,1,1,641,P,V,1,-3.610224488936737,T0_1_freq,0.00624512099921936,T0,1,BY4741__FKS1__HS1__FKS1-HS1,S-FKS1-HS1
1,641,CCT,P,missense,TTTTTACCTTTATCTTTGAGAGATCCA,FLPLSLRDP,2,1,1,641,P,V,1,-3.610224488936737,T0_1_freq,0.0031448645031783204,T0,1,BY4741__FKS1__HS1__FKS1-HS1,S-FKS1-HS1
1,641,CGG,R,missense,TTTTTACGGTTATCTTTGAGAGATCCA,FLRLSLRDP,3,1,1,641,R,V,1,-3.610224488936737,T0_1_freq,0.007070369131259061,T0,1,BY4741__FKS1__HS1__FKS1-HS1,S-FKS1-HS1
1,641,CGT,R,missense,TTTTTACGTTTATCTTTGAGAGATCCA,FLRLSLRDP,2,1,1,641,R,V,1,-3.610224488936737,T0_1_freq,0.003434816549570648,T0,1,BY4741__FKS1__HS1__FKS1-HS1,S-FKS1-HS1
1,641,CTG,L,missense,TTTTTACTGTTATCTTTGAGAGATCCA,FLLLSLRDP,2,1,1,641,L,V,1,-3.610224488936737,T0_1_freq,0.006825025092004015,T0,1,BY4741__FKS1__HS1__FKS1-HS1,S-FKS1-HS1
1,641,CTT,L,missense,TTTTTACTTTTATCTTTGAGAGATCCA,FLLLSLRDP,1,1,1,641,L,V,1,-3.610224488936737,T0_1_freq,0.002654176424668228,T0,1,BY4741__FKS1__HS1__FKS1-HS1,S-FKS1-HS1
1,641,GAG,E,missense,TTTTTAGAGTTATCTTTGAGAGATCCA,FLELSLRDP,2,1,1,641,E,V,1,-3.610224488936737,T0_1_freq,0.003992416638786662,T0,1,BY4741__FKS1__HS1__FKS1-HS1,S-FKS1-HS1
1,641,GAT,D,missense,TTTTTAGATTTATCTTTGAGAGATCCA,FLDLSLRDP,1,1,1,641,D,V,1,-3.610224488936737,T0_1_freq,0.002074272331883573,T0,1,BY4741__FKS1__HS1__FKS1-HS1,S-FKS1-HS1
1,641,GCG,A,missense,TTTTTAGCGTTATCTTTGAGAGATCCA,FLALSLRDP,2,1,1,641,A,V,1,-3.610224488936737,T0_1_freq,0.005776736924277908,T0,1,BY4741__FKS1__HS1__FKS1-HS1,S-FKS1-HS1
1,641,GCT,A,missense,TTTTTAGCTTTATCTTTGAGAGATCCA,FLALSLRDP,1,1,1,641,A,V,1,-3.610224488936737,T0_1_freq,0.002854912456785993,T0,1,BY4741__FKS1__HS1__FKS1-HS1,S-FKS1-HS1
1,641,GGG,G,missense,TTTTTAGGGTTATCTTTGAGAGATCCA,FLGLSLRDP,2,1,1,641,G,V,1,-3.610224488936737,T0_1_freq,0.004505408720865395,T0,1,BY4741__FKS1__HS1__FKS1-HS1,S-FKS1-HS1
1,641,GGT,G,missense,TTTTTAGGTTTATCTTTGAGAGATCCA,FLGLSLRDP,1,1,1,641,G,V,1,-3.610224488936737,T0_1_freq,0.002609568417530947,T0,1,BY4741__FKS1__HS1__FKS1-HS1,S-FKS1-HS1
1,641,GTG,V,silent,TTTTTAGTGTTATCTTTGAGAGATCCA,FLVLSLRDP,1,0,1,not-applicable,not-applicable,not-applicable,1,-3.610224488936737,T0_1_freq,0.005018400802944129,T0,1,BY4741__FKS1__HS1__FKS1-HS1,S-FKS1-HS1
1,641,TAG,*,nonsense,TTTTTATAGTTATCTTTGAGAGATCCA,FL*LSLRDP,3,1,1,641,*,V,1,-3.610224488936737,T0_1_freq,0.006289729006356641,T0,1,BY4741__FKS1__HS1__FKS1-HS1,S-FKS1-HS1
1,641,TAT,Y,missense,TTTTTATATTTATCTTTGAGAGATCCA,FLYLSLRDP,2,1,1,641,Y,V,1,-3.610224488936737,T0_1_freq,0.0030556484889037584,T0,1,BY4741__FKS1__HS1__FKS1-HS1,S-FKS1-HS1
1,641,TCG,S,missense,TTTTTATCGTTATCTTTGAGAGATCCA,FLSLSLRDP,3,1,1,641,S,V,1,-3.610224488936737,T0_1_freq,0.005999776959964314,T0,1,BY4741__FKS1__HS1__FKS1-HS1,S-FKS1-HS1
1,641,TCT,S,missense,TTTTTATCTTTATCTTTGAGAGATCCA,FLSLSLRDP,2,1,1,641,S,V,1,-3.610224488936737,T0_1_freq,0.0032117765138842424,T0,1,BY4741__FKS1__HS1__FKS1-HS1,S-FKS1-HS1
1,641,TGG,W,missense,TTTTTATGGTTATCTTTGAGAGATCCA,FLWLSLRDP,3,1,1,641,W,V,1,-3.610224488936737,T0_1_freq,0.005620608899297424,T0,1,BY4741__FKS1__HS1__FKS1-HS1,S-FKS1-HS1
1,641,TGT,C,missense,TTTTTATGTTTATCTTTGAGAGATCCA,FLCLSLRDP,2,1,1,641,C,V,1,-3.610224488936737,T0_1_freq,0.0035686405709824914,T0,1,BY4741__FKS1__HS1__FKS1-HS1,S-FKS1-HS1
1,641,TTG,L,missense,TTTTTATTGTTATCTTTGAGAGATCCA,FLLLSLRDP,2,1,1,641,L,V,1,-3.610224488936737,T0_1_freq,0.00662428905988625,T0,1,BY4741__FKS1__HS1__FKS1-HS1,S-FKS1-HS1
1,641,TTT,F,missense,TTTTTATTTTTATCTTTGAGAGATCCA,FLFLSLRDP,1,1,1,641,F,V,1,-3.610224488936737,T0_1_freq,0.002609568417530947,T0,1,BY4741__FKS1__HS1__FKS1-HS1,S-FKS1-HS1
1,642,AAG,K,missense,TTTTTAGTTAAGTCTTTGAGAGATCCA,FLVKSLRDP,3,1,1,642,K,L,1,-3.610224488936737,T0_1_freq,0.0031002564960410394,T0,1,BY4741__FKS1__HS1__FKS1-HS1,S-FKS1-HS1
1,642,AAT,N,missense,TTTTTAGTTAATTCTTTGAGAGATCCA,FLVNSLRDP,3,1,1,642,N,L,1,-3.610224488936737,T0_1_freq,0.0020965763354522135,T0,1,BY4741__FKS1__HS1__FKS1-HS1,S-FKS1-HS1
1,642,ACG,T,missense,TTTTTAGTTACGTCTTTGAGAGATCCA,FLVTSLRDP,3,1,1,642,T,L,1,-3.610224488936737,T0_1_freq,0.0033009925281588044,T0,1,BY4741__FKS1__HS1__FKS1-HS1,S-FKS1-HS1
1,642,ACT,T,missense,TTTTTAGTTACTTCTTTGAGAGATCCA,FLVTSLRDP,3,1,1,642,T,L,1,-3.610224488936737,T0_1_freq,0.0016504962640794022,T0,1,BY4741__FKS1__HS1__FKS1-HS1,S-FKS1-HS1
1,642,AGG,R,missense,TTTTTAGTTAGGTCTTTGAGAGATCCA,FLVRSLRDP,3,1,1,642,R,L,1,-3.610224488936737,T0_1_freq,0.0027880004460800714,T0,1,BY4741__FKS1__HS1__FKS1-HS1,S-FKS1-HS1
1,642,AGT,S,missense,TTTTTAGTTAGTTCTTTGAGAGATCCA,FLVSSLRDP,3,1,1,642,S,L,1,-3.610224488936737,T0_1_freq,0.0019181443069030892,T0,1,BY4741__FKS1__HS1__FKS1-HS1,S-FKS1-HS1
1,642,ATG,M,missense,TTTTTAGTTATGTCTTTGAGAGATCCA,FLVMSLRDP,2,1,1,642,M,L,1,-3.610224488936737,T0_1_freq,0.003546336567413851,T0,1,BY4741__FKS1__HS1__FKS1-HS1,S-FKS1-HS1
1,642,ATT,I,missense,TTTTTAGTTATTTCTTTGAGAGATCCA,FLVISLRDP,2,1,1,642,I,L,1,-3.610224488936737,T0_1_freq,0.0023196163711386194,T0,1,BY4741__FKS1__HS1__FKS1-HS1,S-FKS1-HS1
1,642,CAG,Q,missense,TTTTTAGTTCAGTCTTTGAGAGATCCA,FLVQSLRDP,3,1,1,642,Q,L,1,-3.610224488936737,T0_1_freq,0.0028326084532173525,T0,1,BY4741__FKS1__HS1__FKS1-HS1,S-FKS1-HS1
1,642,CAT,H,missense,TTTTTAGTTCATTCTTTGAGAGATCCA,FLVHSLRDP,3,1,1,642,H,L,1,-3.610224488936737,T0_1_freq,0.0017620162819226052,T0,1,BY4741__FKS1__HS1__FKS1-HS1,S-FKS1-HS1
1,642,CCG,P,missense,TTTTTAGTTCCGTCTTTGAGAGATCCA,FLVPSLRDP,3,1,1,642,P,L,1,-3.610224488936737,T0_1_freq,0.0025203524032563845,T0,1,BY4741__FKS1__HS1__FKS1-HS1,S-FKS1-HS1
1,642,CCT,P,missense,TTTTTAGTTCCTTCTTTGAGAGATCCA,FLVPSLRDP,3,1,1,642,P,L,1,-3.610224488936737,T0_1_freq,0.0015389762462361995,T0,1,BY4741__FKS1__HS1__FKS1-HS1,S-FKS1-HS1
1,642,CGG,R,missense,TTTTTAGTTCGGTCTTTGAGAGATCCA,FLVRSLRDP,3,1,1,642,R,L,1,-3.610224488936737,T0_1_freq,0.0019181443069030892,T0,1,BY4741__FKS1__HS1__FKS1-HS1,S-FKS1-HS1
1,642,CGT,R,missense,TTTTTAGTTCGTTCTTTGAGAGATCCA,FLVRSLRDP,3,1,1,642,R,L,1,-3.610224488936737,T0_1_freq,0.0015389762462361995,T0,1,BY4741__FKS1__HS1__FKS1-HS1,S-FKS1-HS1
1,642,CTG,L,silent,TTTTTAGTTCTGTCTTTGAGAGATCCA,FLVLSLRDP,2,0,1,not-applicable,not-applicable,not-applicable,1,-3.610224488936737,T0_1_freq,0.0025649604103936655,T0,1,BY4741__FKS1__HS1__FKS1-HS1,S-FKS1-HS1
1,642,CTT,L,silent,TTTTTAGTTCTTTCTTTGAGAGATCCA,FLVLSLRDP,2,0,1,not-applicable,not-applicable,not-applicable,1,-3.610224488936737,T0_1_freq,0.0017620162819226052,T0,1,BY4741__FKS1__HS1__FKS1-HS1,S-FKS1-HS1
1,642,GAG,E,missense,TTTTTAGTTGAGTCTTTGAGAGATCCA,FLVESLRDP,3,1,1,642,E,L,1,-3.610224488936737,T0_1_freq,0.0019404483104717297,T0,1,BY4741__FKS1__HS1__FKS1-HS1,S-FKS1-HS1
1,642,GAT,D,missense,TTTTTAGTTGATTCTTTGAGAGATCCA,FLVDSLRDP,3,1,1,642,D,L,1,-3.610224488936737,T0_1_freq,0.00156128024980484,T0,1,BY4741__FKS1__HS1__FKS1-HS1,S-FKS1-HS1
1,642,GCG,A,missense,TTTTTAGTTGCGTCTTTGAGAGATCCA,FLVASLRDP,3,1,1,642,A,L,1,-3.610224488936737,T0_1_freq,0.0018289282926285267,T0,1,BY4741__FKS1__HS1__FKS1-HS1,S-FKS1-HS1
1,642,GCT,A,missense,TTTTTAGTTGCTTCTTTGAGAGATCCA,FLVASLRDP,3,1,1,642,A,L,1,-3.610224488936737,T0_1_freq,0.0014943682390989182,T0,1,BY4741__FKS1__HS1__FKS1-HS1,S-FKS1-HS1
1,642,GGG,G,missense,TTTTTAGTTGGGTCTTTGAGAGATCCA,FLVGSLRDP,3,1,1,642,G,L,1,-3.610224488936737,T0_1_freq,0.0019627523140403704,T0,1,BY4741__FKS1__HS1__FKS1-HS1,S-FKS1-HS1
1,642,GGT,G,missense,TTTTTAGTTGGTTCTTTGAGAGATCCA,FLVGSLRDP,3,1,1,642,G,L,1,-3.610224488936737,T0_1_freq,0.0015166722426675587,T0,1,BY4741__FKS1__HS1__FKS1-HS1,S-FKS1-HS1
1,642,GTG,V,missense,TTTTTAGTTGTGTCTTTGAGAGATCCA,FLVVSLRDP,2,1,1,642,V,L,1,-3.610224488936737,T0_1_freq,0.0026764804282368685,T0,1,BY4741__FKS1__HS1__FKS1-HS1,S-FKS1-HS1
1,642,GTT,V,missense,TTTTTAGTTGTTTCTTTGAGAGATCCA,FLVVSLRDP,2,1,1,642,V,L,1,-3.610224488936737,T0_1_freq,0.0019181443069030892,T0,1,BY4741__FKS1__HS1__FKS1-HS1,S-FKS1-HS1
1,642,TAG,*,nonsense,TTTTTAGTTTAGTCTTTGAGAGATCCA,FLV*SLRDP,2,1,1,642,*,L,1,-3.610224488936737,T0_1_freq,0.0032117765138842424,T0,1,BY4741__FKS1__HS1__FKS1-HS1,S-FKS1-HS1
1,642,TAT,Y,missense,TTTTTAGTTTATTCTTTGAGAGATCCA,FLVYSLRDP,2,1,1,642,Y,L,1,-3.610224488936737,T0_1_freq,0.002230400356864057,T0,1,BY4741__FKS1__HS1__FKS1-HS1,S-FKS1-HS1
1,642,TCG,S,missense,TTTTTAGTTTCGTCTTTGAGAGATCCA,FLVSSLRDP,2,1,1,642,S,L,1,-3.610224488936737,T0_1_freq,0.0025872644139623064,T0,1,BY4741__FKS1__HS1__FKS1-HS1,S-FKS1-HS1
1,642,TCT,S,missense,TTTTTAGTTTCTTCTTTGAGAGATCCA,FLVSSLRDP,2,1,1,642,S,L,1,-3.610224488936737,T0_1_freq,0.0017397122783539645,T0,1,BY4741__FKS1__HS1__FKS1-HS1,S-FKS1-HS1
1,642,TGG,W,missense,TTTTTAGTTTGGTCTTTGAGAGATCCA,FLVWSLRDP,2,1,1,642,W,L,1,-3.610224488936737,T0_1_freq,0.002654176424668228,T0,1,BY4741__FKS1__HS1__FKS1-HS1,S-FKS1-HS1
1,642,TGT,C,missense,TTTTTAGTTTGTTCTTTGAGAGATCCA,FLVCSLRDP,2,1,1,642,C,L,1,-3.610224488936737,T0_1_freq,0.001717408274785324,T0,1,BY4741__FKS1__HS1__FKS1-HS1,S-FKS1-HS1
1,642,TTG,L,silent,TTTTTAGTTTTGTCTTTGAGAGATCCA,FLVLSLRDP,1,0,1,not-applicable,not-applicable,not-applicable,1,-3.610224488936737,T0_1_freq,0.0032117765138842424,T0,1,BY4741__FKS1__HS1__FKS1-HS1,S-FKS1-HS1
1,642,TTT,F,missense,TTTTTAGTTTTTTCTTTGAGAGATCCA,FLVFSLRDP,1,1,1,642,F,L,1,-3.610224488936737,T0_1_freq,0.0018289282926285267,T0,1,BY4741__FKS1__HS1__FKS1-HS1,S-FKS1-HS1
1,643,AAG,K,missense,TTTTTAGTTTTAAAGTTGAGAGATCCA,FLVLKLRDP,3,1,1,643,K,S,1,-3.610224488936737,T0_1_freq,0.0033456005352960855,T0,1,BY4741__FKS1__HS1__FKS1-HS1,S-FKS1-HS1
1,643,AAT,N,missense,TTTTTAGTTTTAAATTTGAGAGATCCA,FLVLNLRDP,2,1,1,643,N,S,1,-3.610224488936737,T0_1_freq,0.00234192037470726,T0,1,BY4741__FKS1__HS1__FKS1-HS1,S-FKS1-HS1
1,643,ACG,T,missense,TTTTTAGTTTTAACGTTGAGAGATCCA,FLVLTLRDP,2,1,1,643,T,S,1,-3.610224488936737,T0_1_freq,0.0031002564960410394,T0,1,BY4741__FKS1__HS1__FKS1-HS1,S-FKS1-HS1
1,643,ACT,T,missense,TTTTTAGTTTTAACTTTGAGAGATCCA,FLVLTLRDP,1,1,1,643,T,S,1,-3.610224488936737,T0_1_freq,0.0022080963532954165,T0,1,BY4741__FKS1__HS1__FKS1-HS1,S-FKS1-HS1
1,643,AGG,R,missense,TTTTTAGTTTTAAGGTTGAGAGATCCA,FLVLRLRDP,3,1,1,643,R,S,1,-3.610224488936737,T0_1_freq,0.002498048399687744,T0,1,BY4741__FKS1__HS1__FKS1-HS1,S-FKS1-HS1
1,643,AGT,S,silent,TTTTTAGTTTTAAGTTTGAGAGATCCA,FLVLSLRDP,2,0,1,not-applicable,not-applicable,not-applicable,1,-3.610224488936737,T0_1_freq,0.0017620162819226052,T0,1,BY4741__FKS1__HS1__FKS1-HS1,S-FKS1-HS1
1,643,ATG,M,missense,TTTTTAGTTTTAATGTTGAGAGATCCA,FLVLMLRDP,3,1,1,643,M,S,1,-3.610224488936737,T0_1_freq,0.003925504628080741,T0,1,BY4741__FKS1__HS1__FKS1-HS1,S-FKS1-HS1
1,643,ATT,I,missense,TTTTTAGTTTTAATTTTGAGAGATCCA,FLVLILRDP,2,1,1,643,I,S,1,-3.610224488936737,T0_1_freq,0.0033456005352960855,T0,1,BY4741__FKS1__HS1__FKS1-HS1,S-FKS1-HS1
1,643,CAG,Q,missense,TTTTTAGTTTTACAGTTGAGAGATCCA,FLVLQLRDP,3,1,1,643,Q,S,1,-3.610224488936737,T0_1_freq,0.002921824467491915,T0,1,BY4741__FKS1__HS1__FKS1-HS1,S-FKS1-HS1
1,643,CAT,H,missense,TTTTTAGTTTTACATTTGAGAGATCCA,FLVLHLRDP,2,1,1,643,H,S,1,-3.610224488936737,T0_1_freq,0.002498048399687744,T0,1,BY4741__FKS1__HS1__FKS1-HS1,S-FKS1-HS1
1,643,CCG,P,missense,TTTTTAGTTTTACCGTTGAGAGATCCA,FLVLPLRDP,2,1,1,643,P,S,1,-3.610224488936737,T0_1_freq,0.0024311363889818224,T0,1,BY4741__FKS1__HS1__FKS1-HS1,S-FKS1-HS1
1,643,CCT,P,missense,TTTTTAGTTTTACCTTTGAGAGATCCA,FLVLPLRDP,1,1,1,643,P,S,1,-3.610224488936737,T0_1_freq,0.001873536299765808,T0,1,BY4741__FKS1__HS1__FKS1-HS1,S-FKS1-HS1
1,643,CGG,R,missense,TTTTTAGTTTTACGGTTGAGAGATCCA,FLVLRLRDP,3,1,1,643,R,S,1,-3.610224488936737,T0_1_freq,0.0021188803390208544,T0,1,BY4741__FKS1__HS1__FKS1-HS1,S-FKS1-HS1
1,643,CGT,R,missense,TTTTTAGTTTTACGTTTGAGAGATCCA,FLVLRLRDP,2,1,1,643,R,S,1,-3.610224488936737,T0_1_freq,0.0017843202854912457,T0,1,BY4741__FKS1__HS1__FKS1-HS1,S-FKS1-HS1
1,643,CTG,L,missense,TTTTTAGTTTTACTGTTGAGAGATCCA,FLVLLLRDP,3,1,1,643,L,S,1,-3.610224488936737,T0_1_freq,0.0033456005352960855,T0,1,BY4741__FKS1__HS1__FKS1-HS1,S-FKS1-HS1
1,643,CTT,L,missense,TTTTTAGTTTTACTTTTGAGAGATCCA,FLVLLLRDP,2,1,1,643,L,S,1,-3.610224488936737,T0_1_freq,0.003077952492472399,T0,1,BY4741__FKS1__HS1__FKS1-HS1,S-FKS1-HS1
1,643,GAG,E,missense,TTTTTAGTTTTAGAGTTGAGAGATCCA,FLVLELRDP,3,1,1,643,E,S,1,-3.610224488936737,T0_1_freq,0.002074272331883573,T0,1,BY4741__FKS1__HS1__FKS1-HS1,S-FKS1-HS1
1,643,GAT,D,missense,TTTTTAGTTTTAGATTTGAGAGATCCA,FLVLDLRDP,2,1,1,643,D,S,1,-3.610224488936737,T0_1_freq,0.0022527043604326975,T0,1,BY4741__FKS1__HS1__FKS1-HS1,S-FKS1-HS1
1,643,GCG,A,missense,TTTTTAGTTTTAGCGTTGAGAGATCCA,FLVLALRDP,2,1,1,643,A,S,1,-3.610224488936737,T0_1_freq,0.002498048399687744,T0,1,BY4741__FKS1__HS1__FKS1-HS1,S-FKS1-HS1
1,643,GCT,A,missense,TTTTTAGTTTTAGCTTTGAGAGATCCA,FLVLALRDP,1,1,1,643,A,S,1,-3.610224488936737,T0_1_freq,0.0018289282926285267,T0,1,BY4741__FKS1__HS1__FKS1-HS1,S-FKS1-HS1
1,643,GGG,G,missense,TTTTTAGTTTTAGGGTTGAGAGATCCA,FLVLGLRDP,3,1,1,643,G,S,1,-3.610224488936737,T0_1_freq,0.0015389762462361995,T0,1,BY4741__FKS1__HS1__FKS1-HS1,S-FKS1-HS1
1,643,GGT,G,missense,TTTTTAGTTTTAGGTTTGAGAGATCCA,FLVLGLRDP,2,1,1,643,G,S,1,-3.610224488936737,T0_1_freq,0.0015389762462361995,T0,1,BY4741__FKS1__HS1__FKS1-HS1,S-FKS1-HS1
1,643,GTG,V,missense,TTTTTAGTTTTAGTGTTGAGAGATCCA,FLVLVLRDP,3,1,1,643,V,S,1,-3.610224488936737,T0_1_freq,0.0031002564960410394,T0,1,BY4741__FKS1__HS1__FKS1-HS1,S-FKS1-HS1
1,643,GTT,V,missense,TTTTTAGTTTTAGTTTTGAGAGATCCA,FLVLVLRDP,2,1,1,643,V,S,1,-3.610224488936737,T0_1_freq,0.0023196163711386194,T0,1,BY4741__FKS1__HS1__FKS1-HS1,S-FKS1-HS1
1,643,TAG,*,nonsense,TTTTTAGTTTTATAGTTGAGAGATCCA,FLVL*LRDP,2,1,1,643,*,S,1,-3.610224488936737,T0_1_freq,0.0036578565852570535,T0,1,BY4741__FKS1__HS1__FKS1-HS1,S-FKS1-HS1
1,643,TAT,Y,missense,TTTTTAGTTTTATATTTGAGAGATCCA,FLVLYLRDP,1,1,1,643,Y,S,1,-3.610224488936737,T0_1_freq,0.003011040481766477,T0,1,BY4741__FKS1__HS1__FKS1-HS1,S-FKS1-HS1
1,643,TCG,S,silent,TTTTTAGTTTTATCGTTGAGAGATCCA,FLVLSLRDP,1,0,1,not-applicable,not-applicable,not-applicable,1,-3.610224488936737,T0_1_freq,0.003434816549570648,T0,1,BY4741__FKS1__HS1__FKS1-HS1,S-FKS1-HS1
1,643,TGG,W,missense,TTTTTAGTTTTATGGTTGAGAGATCCA,FLVLWLRDP,2,1,1,643,W,S,1,-3.610224488936737,T0_1_freq,0.003011040481766477,T0,1,BY4741__FKS1__HS1__FKS1-HS1,S-FKS1-HS1
1,643,TGT,C,missense,TTTTTAGTTTTATGTTTGAGAGATCCA,FLVLCLRDP,1,1,1,643,C,S,1,-3.610224488936737,T0_1_freq,0.00234192037470726,T0,1,BY4741__FKS1__HS1__FKS1-HS1,S-FKS1-HS1
1,643,TTG,L,missense,TTTTTAGTTTTATTGTTGAGAGATCCA,FLVLLLRDP,2,1,1,643,L,S,1,-3.610224488936737,T0_1_freq,0.004148544663767146,T0,1,BY4741__FKS1__HS1__FKS1-HS1,S-FKS1-HS1
1,643,TTT,F,missense,TTTTTAGTTTTATTTTTGAGAGATCCA,FLVLFLRDP,1,1,1,643,F,S,1,-3.610224488936737,T0_1_freq,0.0036578565852570535,T0,1,BY4741__FKS1__HS1__FKS1-HS1,S-FKS1-HS1
1,644,AAG,K,missense,TTTTTAGTTTTATCTAAGAGAGATCCA,FLVLSKRDP,2,1,1,644,K,L,1,-3.610224488936737,T0_1_freq,0.002498048399687744,T0,1,BY4741__FKS1__HS1__FKS1-HS1,S-FKS1-HS1
1,644,AAT,N,missense,TTTTTAGTTTTATCTAATAGAGATCCA,FLVLSNRDP,3,1,1,644,N,L,1,-3.610224488936737,T0_1_freq,0.0024311363889818224,T0,1,BY4741__FKS1__HS1__FKS1-HS1,S-FKS1-HS1
1,644,ACG,T,missense,TTTTTAGTTTTATCTACGAGAGATCCA,FLVLSTRDP,2,1,1,644,T,L,1,-3.610224488936737,T0_1_freq,0.002966432474629196,T0,1,BY4741__FKS1__HS1__FKS1-HS1,S-FKS1-HS1
1,644,ACT,T,missense,TTTTTAGTTTTATCTACTAGAGATCCA,FLVLSTRDP,3,1,1,644,T,L,1,-3.610224488936737,T0_1_freq,0.0027210884353741495,T0,1,BY4741__FKS1__HS1__FKS1-HS1,S-FKS1-HS1
1,644,AGG,R,missense,TTTTTAGTTTTATCTAGGAGAGATCCA,FLVLSRRDP,2,1,1,644,R,L,1,-3.610224488936737,T0_1_freq,0.0016951042712166835,T0,1,BY4741__FKS1__HS1__FKS1-HS1,S-FKS1-HS1
1,644,AGT,S,missense,TTTTTAGTTTTATCTAGTAGAGATCCA,FLVLSSRDP,3,1,1,644,S,L,1,-3.610224488936737,T0_1_freq,0.0016504962640794022,T0,1,BY4741__FKS1__HS1__FKS1-HS1,S-FKS1-HS1
1,644,ATG,M,missense,TTTTTAGTTTTATCTATGAGAGATCCA,FLVLSMRDP,1,1,1,644,M,L,1,-3.610224488936737,T0_1_freq,0.0034571205531392884,T0,1,BY4741__FKS1__HS1__FKS1-HS1,S-FKS1-HS1
1,644,ATT,I,missense,TTTTTAGTTTTATCTATTAGAGATCCA,FLVLSIRDP,2,1,1,644,I,L,1,-3.610224488936737,T0_1_freq,0.0032563845210215234,T0,1,BY4741__FKS1__HS1__FKS1-HS1,S-FKS1-HS1
1,644,CAG,Q,missense,TTTTTAGTTTTATCTCAGAGAGATCCA,FLVLSQRDP,2,1,1,644,Q,L,1,-3.610224488936737,T0_1_freq,0.002765696442511431,T0,1,BY4741__FKS1__HS1__FKS1-HS1,S-FKS1-HS1
1,644,CAT,H,missense,TTTTTAGTTTTATCTCATAGAGATCCA,FLVLSHRDP,3,1,1,644,H,L,1,-3.610224488936737,T0_1_freq,0.002453440392550463,T0,1,BY4741__FKS1__HS1__FKS1-HS1,S-FKS1-HS1
1,644,CCG,P,missense,TTTTTAGTTTTATCTCCGAGAGATCCA,FLVLSPRDP,2,1,1,644,P,L,1,-3.610224488936737,T0_1_freq,0.00234192037470726,T0,1,BY4741__FKS1__HS1__FKS1-HS1,S-FKS1-HS1
1,644,CCT,P,missense,TTTTTAGTTTTATCTCCTAGAGATCCA,FLVLSPRDP,3,1,1,644,P,L,1,-3.610224488936737,T0_1_freq,0.0018512322961971675,T0,1,BY4741__FKS1__HS1__FKS1-HS1,S-FKS1-HS1
1,644,CGG,R,missense,TTTTTAGTTTTATCTCGGAGAGATCCA,FLVLSRRDP,2,1,1,644,R,L,1,-3.610224488936737,T0_1_freq,0.0016951042712166835,T0,1,BY4741__FKS1__HS1__FKS1-HS1,S-FKS1-HS1
1,644,CGT,R,missense,TTTTTAGTTTTATCTCGTAGAGATCCA,FLVLSRRDP,3,1,1,644,R,L,1,-3.610224488936737,T0_1_freq,0.0018289282926285267,T0,1,BY4741__FKS1__HS1__FKS1-HS1,S-FKS1-HS1
1,644,CTG,L,silent,TTTTTAGTTTTATCTCTGAGAGATCCA,FLVLSLRDP,1,0,1,not-applicable,not-applicable,not-applicable,1,-3.610224488936737,T0_1_freq,0.003077952492472399,T0,1,BY4741__FKS1__HS1__FKS1-HS1,S-FKS1-HS1
1,644,CTT,L,silent,TTTTTAGTTTTATCTCTTAGAGATCCA,FLVLSLRDP,2,0,1,not-applicable,not-applicable,not-applicable,1,-3.610224488936737,T0_1_freq,0.0020965763354522135,T0,1,BY4741__FKS1__HS1__FKS1-HS1,S-FKS1-HS1
1,644,GAG,E,missense,TTTTTAGTTTTATCTGAGAGAGATCCA,FLVLSERDP,2,1,1,644,E,L,1,-3.610224488936737,T0_1_freq,0.0017620162819226052,T0,1,BY4741__FKS1__HS1__FKS1-HS1,S-FKS1-HS1
1,644,GAT,D,missense,TTTTTAGTTTTATCTGATAGAGATCCA,FLVLSDRDP,3,1,1,644,D,L,1,-3.610224488936737,T0_1_freq,0.0014943682390989182,T0,1,BY4741__FKS1__HS1__FKS1-HS1,S-FKS1-HS1
1,644,GCG,A,missense,TTTTTAGTTTTATCTGCGAGAGATCCA,FLVLSARDP,2,1,1,644,A,L,1,-3.610224488936737,T0_1_freq,0.0018512322961971675,T0,1,BY4741__FKS1__HS1__FKS1-HS1,S-FKS1-HS1
1,644,GCT,A,missense,TTTTTAGTTTTATCTGCTAGAGATCCA,FLVLSARDP,3,1,1,644,A,L,1,-3.610224488936737,T0_1_freq,0.0016058882569421212,T0,1,BY4741__FKS1__HS1__FKS1-HS1,S-FKS1-HS1
1,644,GGG,G,missense,TTTTTAGTTTTATCTGGGAGAGATCCA,FLVLSGRDP,2,1,1,644,G,L,1,-3.610224488936737,T0_1_freq,0.0013828482212557155,T0,1,BY4741__FKS1__HS1__FKS1-HS1,S-FKS1-HS1
1,644,GGT,G,missense,TTTTTAGTTTTATCTGGTAGAGATCCA,FLVLSGRDP,3,1,1,644,G,L,1,-3.610224488936737,T0_1_freq,0.0013828482212557155,T0,1,BY4741__FKS1__HS1__FKS1-HS1,S-FKS1-HS1
1,644,GTG,V,missense,TTTTTAGTTTTATCTGTGAGAGATCCA,FLVLSVRDP,1,1,1,644,V,L,1,-3.610224488936737,T0_1_freq,0.0027880004460800714,T0,1,BY4741__FKS1__HS1__FKS1-HS1,S-FKS1-HS1
1,644,GTT,V,missense,TTTTTAGTTTTATCTGTTAGAGATCCA,FLVLSVRDP,2,1,1,644,V,L,1,-3.610224488936737,T0_1_freq,0.002074272331883573,T0,1,BY4741__FKS1__HS1__FKS1-HS1,S-FKS1-HS1
1,644,TAG,*,nonsense,TTTTTAGTTTTATCTTAGAGAGATCCA,FLVLS*RDP,1,1,1,644,*,L,1,-3.610224488936737,T0_1_freq,0.0030333444853351175,T0,1,BY4741__FKS1__HS1__FKS1-HS1,S-FKS1-HS1
1,644,TAT,Y,missense,TTTTTAGTTTTATCTTATAGAGATCCA,FLVLSYRDP,2,1,1,644,Y,L,1,-3.610224488936737,T0_1_freq,0.0027433924389427904,T0,1,BY4741__FKS1__HS1__FKS1-HS1,S-FKS1-HS1
1,644,TCG,S,missense,TTTTTAGTTTTATCTTCGAGAGATCCA,FLVLSSRDP,1,1,1,644,S,L,1,-3.610224488936737,T0_1_freq,0.0029441284710605554,T0,1,BY4741__FKS1__HS1__FKS1-HS1,S-FKS1-HS1
1,644,TCT,S,missense,TTTTTAGTTTTATCTTCTAGAGATCCA,FLVLSSRDP,2,1,1,644,S,L,1,-3.610224488936737,T0_1_freq,0.0026764804282368685,T0,1,BY4741__FKS1__HS1__FKS1-HS1,S-FKS1-HS1
1,644,TGG,W,missense,TTTTTAGTTTTATCTTGGAGAGATCCA,FLVLSWRDP,1,1,1,644,W,L,1,-3.610224488936737,T0_1_freq,0.002386528381844541,T0,1,BY4741__FKS1__HS1__FKS1-HS1,S-FKS1-HS1
1,644,TGT,C,missense,TTTTTAGTTTTATCTTGTAGAGATCCA,FLVLSCRDP,2,1,1,644,C,L,1,-3.610224488936737,T0_1_freq,0.002141184342589495,T0,1,BY4741__FKS1__HS1__FKS1-HS1,S-FKS1-HS1
1,644,TTT,F,missense,TTTTTAGTTTTATCTTTTAGAGATCCA,FLVLSFRDP,1,1,1,644,F,L,1,-3.610224488936737,T0_1_freq,0.003590944574551132,T0,1,BY4741__FKS1__HS1__FKS1-HS1,S-FKS1-HS1
1,645,AAG,K,missense,TTTTTAGTTTTATCTTTGAAGGATCCA,FLVLSLKDP,2,1,1,645,K,R,1,-3.610224488936737,T0_1_freq,0.0031894725103156015,T0,1,BY4741__FKS1__HS1__FKS1-HS1,S-FKS1-HS1
1,645,AAT,N,missense,TTTTTAGTTTTATCTTTGAATGATCCA,FLVLSLNDP,2,1,1,645,N,R,1,-3.610224488936737,T0_1_freq,0.002141184342589495,T0,1,BY4741__FKS1__HS1__FKS1-HS1,S-FKS1-HS1
1,645,ACG,T,missense,TTTTTAGTTTTATCTTTGACGGATCCA,FLVLSLTDP,2,1,1,645,T,R,1,-3.610224488936737,T0_1_freq,0.002698784431805509,T0,1,BY4741__FKS1__HS1__FKS1-HS1,S-FKS1-HS1
1,645,ACT,T,missense,TTTTTAGTTTTATCTTTGACTGATCCA,FLVLSLTDP,2,1,1,645,T,R,1,-3.610224488936737,T0_1_freq,0.0016504962640794022,T0,1,BY4741__FKS1__HS1__FKS1-HS1,S-FKS1-HS1
1,645,AGG,R,silent,TTTTTAGTTTTATCTTTGAGGGATCCA,FLVLSLRDP,1,0,1,not-applicable,not-applicable,not-applicable,1,-3.610224488936737,T0_1_freq,0.002074272331883573,T0,1,BY4741__FKS1__HS1__FKS1-HS1,S-FKS1-HS1
1,645,AGT,S,missense,TTTTTAGTTTTATCTTTGAGTGATCCA,FLVLSLSDP,1,1,1,645,S,R,1,-3.610224488936737,T0_1_freq,0.0016728002676480427,T0,1,BY4741__FKS1__HS1__FKS1-HS1,S-FKS1-HS1
1,645,ATG,M,missense,TTTTTAGTTTTATCTTTGATGGATCCA,FLVLSLMDP,2,1,1,645,M,R,1,-3.610224488936737,T0_1_freq,0.0029441284710605554,T0,1,BY4741__FKS1__HS1__FKS1-HS1,S-FKS1-HS1
1,645,ATT,I,missense,TTTTTAGTTTTATCTTTGATTGATCCA,FLVLSLIDP,2,1,1,645,I,R,1,-3.610224488936737,T0_1_freq,0.002698784431805509,T0,1,BY4741__FKS1__HS1__FKS1-HS1,S-FKS1-HS1
1,645,CAG,Q,missense,TTTTTAGTTTTATCTTTGCAGGATCCA,FLVLSLQDP,3,1,1,645,Q,R,1,-3.610224488936737,T0_1_freq,0.002810304449648712,T0,1,BY4741__FKS1__HS1__FKS1-HS1,S-FKS1-HS1
1,645,CAT,H,missense,TTTTTAGTTTTATCTTTGCATGATCCA,FLVLSLHDP,3,1,1,645,H,R,1,-3.610224488936737,T0_1_freq,0.0020073603211776514,T0,1,BY4741__FKS1__HS1__FKS1-HS1,S-FKS1-HS1
1,645,CCG,P,missense,TTTTTAGTTTTATCTTTGCCGGATCCA,FLVLSLPDP,3,1,1,645,P,R,1,-3.610224488936737,T0_1_freq,0.002297312367569979,T0,1,BY4741__FKS1__HS1__FKS1-HS1,S-FKS1-HS1
1,645,CCT,P,missense,TTTTTAGTTTTATCTTTGCCTGATCCA,FLVLSLPDP,3,1,1,645,P,R,1,-3.610224488936737,T0_1_freq,0.0014720642355302777,T0,1,BY4741__FKS1__HS1__FKS1-HS1,S-FKS1-HS1
1,645,CGG,R,silent,TTTTTAGTTTTATCTTTGCGGGATCCA,FLVLSLRDP,2,0,1,not-applicable,not-applicable,not-applicable,1,-3.610224488936737,T0_1_freq,0.0018512322961971675,T0,1,BY4741__FKS1__HS1__FKS1-HS1,S-FKS1-HS1
1,645,CGT,R,silent,TTTTTAGTTTTATCTTTGCGTGATCCA,FLVLSLRDP,2,0,1,not-applicable,not-applicable,not-applicable,1,-3.610224488936737,T0_1_freq,0.0014720642355302777,T0,1,BY4741__FKS1__HS1__FKS1-HS1,S-FKS1-HS1
1,645,CTG,L,missense,TTTTTAGTTTTATCTTTGCTGGATCCA,FLVLSLLDP,3,1,1,645,L,R,1,-3.610224488936737,T0_1_freq,0.0029887364781978364,T0,1,BY4741__FKS1__HS1__FKS1-HS1,S-FKS1-HS1
1,645,CTT,L,missense,TTTTTAGTTTTATCTTTGCTTGATCCA,FLVLSLLDP,3,1,1,645,L,R,1,-3.610224488936737,T0_1_freq,0.002029664324746292,T0,1,BY4741__FKS1__HS1__FKS1-HS1,S-FKS1-HS1
1,645,GAG,E,missense,TTTTTAGTTTTATCTTTGGAGGATCCA,FLVLSLEDP,3,1,1,645,E,R,1,-3.610224488936737,T0_1_freq,0.0017843202854912457,T0,1,BY4741__FKS1__HS1__FKS1-HS1,S-FKS1-HS1
1,645,GAT,D,missense,TTTTTAGTTTTATCTTTGGATGATCCA,FLVLSLDDP,3,1,1,645,D,R,1,-3.610224488936737,T0_1_freq,0.0014943682390989182,T0,1,BY4741__FKS1__HS1__FKS1-HS1,S-FKS1-HS1
1,645,GCG,A,missense,TTTTTAGTTTTATCTTTGGCGGATCCA,FLVLSLADP,3,1,1,645,A,R,1,-3.610224488936737,T0_1_freq,0.002029664324746292,T0,1,BY4741__FKS1__HS1__FKS1-HS1,S-FKS1-HS1
1,645,GCT,A,missense,TTTTTAGTTTTATCTTTGGCTGATCCA,FLVLSLADP,3,1,1,645,A,R,1,-3.610224488936737,T0_1_freq,0.001249024199843872,T0,1,BY4741__FKS1__HS1__FKS1-HS1,S-FKS1-HS1
1,645,GGG,G,missense,TTTTTAGTTTTATCTTTGGGGGATCCA,FLVLSLGDP,2,1,1,645,G,R,1,-3.610224488936737,T0_1_freq,0.0015389762462361995,T0,1,BY4741__FKS1__HS1__FKS1-HS1,S-FKS1-HS1
1,645,GGT,G,missense,TTTTTAGTTTTATCTTTGGGTGATCCA,FLVLSLGDP,2,1,1,645,G,R,1,-3.610224488936737,T0_1_freq,0.0010259841641574662,T0,1,BY4741__FKS1__HS1__FKS1-HS1,S-FKS1-HS1
1,645,GTG,V,missense,TTTTTAGTTTTATCTTTGGTGGATCCA,FLVLSLVDP,3,1,1,645,V,R,1,-3.610224488936737,T0_1_freq,0.002609568417530947,T0,1,BY4741__FKS1__HS1__FKS1-HS1,S-FKS1-HS1
1,645,GTT,V,missense,TTTTTAGTTTTATCTTTGGTTGATCCA,FLVLSLVDP,3,1,1,645,V,R,1,-3.610224488936737,T0_1_freq,0.002029664324746292,T0,1,BY4741__FKS1__HS1__FKS1-HS1,S-FKS1-HS1
1,645,TAG,*,nonsense,TTTTTAGTTTTATCTTTGTAGGATCCA,FLVLSL*DP,3,1,1,645,*,R,1,-3.610224488936737,T0_1_freq,0.002854912456785993,T0,1,BY4741__FKS1__HS1__FKS1-HS1,S-FKS1-HS1
1,645,TAT,Y,missense,TTTTTAGTTTTATCTTTGTATGATCCA,FLVLSLYDP,3,1,1,645,Y,R,1,-3.610224488936737,T0_1_freq,0.002609568417530947,T0,1,BY4741__FKS1__HS1__FKS1-HS1,S-FKS1-HS1
1,645,TCG,S,missense,TTTTTAGTTTTATCTTTGTCGGATCCA,FLVLSLSDP,3,1,1,645,S,R,1,-3.610224488936737,T0_1_freq,0.003702464592394335,T0,1,BY4741__FKS1__HS1__FKS1-HS1,S-FKS1-HS1
1,645,TCT,S,missense,TTTTTAGTTTTATCTTTGTCTGATCCA,FLVLSLSDP,3,1,1,645,S,R,1,-3.610224488936737,T0_1_freq,0.0016281922605107617,T0,1,BY4741__FKS1__HS1__FKS1-HS1,S-FKS1-HS1
1,645,TGG,W,missense,TTTTTAGTTTTATCTTTGTGGGATCCA,FLVLSLWDP,2,1,1,645,W,R,1,-3.610224488936737,T0_1_freq,0.00234192037470726,T0,1,BY4741__FKS1__HS1__FKS1-HS1,S-FKS1-HS1
1,645,TGT,C,missense,TTTTTAGTTTTATCTTTGTGTGATCCA,FLVLSLCDP,2,1,1,645,C,R,1,-3.610224488936737,T0_1_freq,0.002029664324746292,T0,1,BY4741__FKS1__HS1__FKS1-HS1,S-FKS1-HS1
1,645,TTG,L,missense,TTTTTAGTTTTATCTTTGTTGGATCCA,FLVLSLLDP,3,1,1,645,L,R,1,-3.610224488936737,T0_1_freq,0.004728448756551801,T0,1,BY4741__FKS1__HS1__FKS1-HS1,S-FKS1-HS1
1,645,TTT,F,missense,TTTTTAGTTTTATCTTTGTTTGATCCA,FLVLSLFDP,3,1,1,645,F,R,1,-3.610224488936737,T0_1_freq,0.003479424556707929,T0,1,BY4741__FKS1__HS1__FKS1-HS1,S-FKS1-HS1
1,646,AAG,K,missense,TTTTTAGTTTTATCTTTGAGAAAGCCA,FLVLSLRKP,2,1,1,646,K,D,1,-3.610224488936737,T0_1_freq,0.004193152670904427,T0,1,BY4741__FKS1__HS1__FKS1-HS1,S-FKS1-HS1
1,646,AAT,N,missense,TTTTTAGTTTTATCTTTGAGAAATCCA,FLVLSLRNP,1,1,1,646,N,D,1,-3.610224488936737,T0_1_freq,0.002698784431805509,T0,1,BY4741__FKS1__HS1__FKS1-HS1,S-FKS1-HS1
1,646,ACG,T,missense,TTTTTAGTTTTATCTTTGAGAACGCCA,FLVLSLRTP,3,1,1,646,T,D,1,-3.610224488936737,T0_1_freq,0.0029887364781978364,T0,1,BY4741__FKS1__HS1__FKS1-HS1,S-FKS1-HS1
1,646,ACT,T,missense,TTTTTAGTTTTATCTTTGAGAACTCCA,FLVLSLRTP,2,1,1,646,T,D,1,-3.610224488936737,T0_1_freq,0.0026318724210995874,T0,1,BY4741__FKS1__HS1__FKS1-HS1,S-FKS1-HS1
1,646,AGG,R,missense,TTTTTAGTTTTATCTTTGAGAAGGCCA,FLVLSLRRP,3,1,1,646,R,D,1,-3.610224488936737,T0_1_freq,0.002698784431805509,T0,1,BY4741__FKS1__HS1__FKS1-HS1,S-FKS1-HS1
1,646,AGT,S,missense,TTTTTAGTTTTATCTTTGAGAAGTCCA,FLVLSLRSP,2,1,1,646,S,D,1,-3.610224488936737,T0_1_freq,0.0019627523140403704,T0,1,BY4741__FKS1__HS1__FKS1-HS1,S-FKS1-HS1
1,646,ATG,M,missense,TTTTTAGTTTTATCTTTGAGAATGCCA,FLVLSLRMP,3,1,1,646,M,D,1,-3.610224488936737,T0_1_freq,0.005442176870748299,T0,1,BY4741__FKS1__HS1__FKS1-HS1,S-FKS1-HS1
1,646,ATT,I,missense,TTTTTAGTTTTATCTTTGAGAATTCCA,FLVLSLRIP,2,1,1,646,I,D,1,-3.610224488936737,T0_1_freq,0.003791680606668897,T0,1,BY4741__FKS1__HS1__FKS1-HS1,S-FKS1-HS1
1,646,CAG,Q,missense,TTTTTAGTTTTATCTTTGAGACAGCCA,FLVLSLRQP,2,1,1,646,Q,D,1,-3.610224488936737,T0_1_freq,0.0035240325638452104,T0,1,BY4741__FKS1__HS1__FKS1-HS1,S-FKS1-HS1
1,646,CAT,H,missense,TTTTTAGTTTTATCTTTGAGACATCCA,FLVLSLRHP,1,1,1,646,H,D,1,-3.610224488936737,T0_1_freq,0.002765696442511431,T0,1,BY4741__FKS1__HS1__FKS1-HS1,S-FKS1-HS1
1,646,CCG,P,missense,TTTTTAGTTTTATCTTTGAGACCGCCA,FLVLSLRPP,3,1,1,646,P,D,1,-3.610224488936737,T0_1_freq,0.0025203524032563845,T0,1,BY4741__FKS1__HS1__FKS1-HS1,S-FKS1-HS1
1,646,CCT,P,missense,TTTTTAGTTTTATCTTTGAGACCTCCA,FLVLSLRPP,2,1,1,646,P,D,1,-3.610224488936737,T0_1_freq,0.002230400356864057,T0,1,BY4741__FKS1__HS1__FKS1-HS1,S-FKS1-HS1
1,646,CGG,R,missense,TTTTTAGTTTTATCTTTGAGACGGCCA,FLVLSLRRP,3,1,1,646,R,D,1,-3.610224488936737,T0_1_freq,0.0025649604103936655,T0,1,BY4741__FKS1__HS1__FKS1-HS1,S-FKS1-HS1
1,646,CGT,R,missense,TTTTTAGTTTTATCTTTGAGACGTCCA,FLVLSLRRP,2,1,1,646,R,D,1,-3.610224488936737,T0_1_freq,0.002029664324746292,T0,1,BY4741__FKS1__HS1__FKS1-HS1,S-FKS1-HS1
1,646,CTG,L,missense,TTTTTAGTTTTATCTTTGAGACTGCCA,FLVLSLRLP,3,1,1,646,L,D,1,-3.610224488936737,T0_1_freq,0.003167168506746961,T0,1,BY4741__FKS1__HS1__FKS1-HS1,S-FKS1-HS1
1,646,CTT,L,missense,TTTTTAGTTTTATCTTTGAGACTTCCA,FLVLSLRLP,2,1,1,646,L,D,1,-3.610224488936737,T0_1_freq,0.0032117765138842424,T0,1,BY4741__FKS1__HS1__FKS1-HS1,S-FKS1-HS1
1,646,GAG,E,missense,TTTTTAGTTTTATCTTTGAGAGAGCCA,FLVLSLREP,1,1,1,646,E,D,1,-3.610224488936737,T0_1_freq,0.0026318724210995874,T0,1,BY4741__FKS1__HS1__FKS1-HS1,S-FKS1-HS1
1,646,GCG,A,missense,TTTTTAGTTTTATCTTTGAGAGCGCCA,FLVLSLRAP,2,1,1,646,A,D,1,-3.610224488936737,T0_1_freq,0.002074272331883573,T0,1,BY4741__FKS1__HS1__FKS1-HS1,S-FKS1-HS1
1,646,GCT,A,missense,TTTTTAGTTTTATCTTTGAGAGCTCCA,FLVLSLRAP,1,1,1,646,A,D,1,-3.610224488936737,T0_1_freq,0.0013159362105497937,T0,1,BY4741__FKS1__HS1__FKS1-HS1,S-FKS1-HS1
1,646,GGG,G,missense,TTTTTAGTTTTATCTTTGAGAGGGCCA,FLVLSLRGP,2,1,1,646,G,D,1,-3.610224488936737,T0_1_freq,0.0018512322961971675,T0,1,BY4741__FKS1__HS1__FKS1-HS1,S-FKS1-HS1
1,646,GGT,G,missense,TTTTTAGTTTTATCTTTGAGAGGTCCA,FLVLSLRGP,1,1,1,646,G,D,1,-3.610224488936737,T0_1_freq,0.001985056317609011,T0,1,BY4741__FKS1__HS1__FKS1-HS1,S-FKS1-HS1
1,646,GTG,V,missense,TTTTTAGTTTTATCTTTGAGAGTGCCA,FLVLSLRVP,2,1,1,646,V,D,1,-3.610224488936737,T0_1_freq,0.0027433924389427904,T0,1,BY4741__FKS1__HS1__FKS1-HS1,S-FKS1-HS1
1,646,GTT,V,missense,TTTTTAGTTTTATCTTTGAGAGTTCCA,FLVLSLRVP,1,1,1,646,V,D,1,-3.610224488936737,T0_1_freq,0.0023642243782759005,T0,1,BY4741__FKS1__HS1__FKS1-HS1,S-FKS1-HS1
1,646,TAG,*,nonsense,TTTTTAGTTTTATCTTTGAGATAGCCA,FLVLSLR*P,2,1,1,646,*,D,1,-3.610224488936737,T0_1_freq,0.004326976692316271,T0,1,BY4741__FKS1__HS1__FKS1-HS1,S-FKS1-HS1
1,646,TAT,Y,missense,TTTTTAGTTTTATCTTTGAGATATCCA,FLVLSLRYP,1,1,1,646,Y,D,1,-3.610224488936737,T0_1_freq,0.004103936656629865,T0,1,BY4741__FKS1__HS1__FKS1-HS1,S-FKS1-HS1
1,646,TCG,S,missense,TTTTTAGTTTTATCTTTGAGATCGCCA,FLVLSLRSP,3,1,1,646,S,D,1,-3.610224488936737,T0_1_freq,0.0036578565852570535,T0,1,BY4741__FKS1__HS1__FKS1-HS1,S-FKS1-HS1
1,646,TCT,S,missense,TTTTTAGTTTTATCTTTGAGATCTCCA,FLVLSLRSP,2,1,1,646,S,D,1,-3.610224488936737,T0_1_freq,0.002921824467491915,T0,1,BY4741__FKS1__HS1__FKS1-HS1,S-FKS1-HS1
1,646,TGG,W,missense,TTTTTAGTTTTATCTTTGAGATGGCCA,FLVLSLRWP,3,1,1,646,W,D,1,-3.610224488936737,T0_1_freq,0.003590944574551132,T0,1,BY4741__FKS1__HS1__FKS1-HS1,S-FKS1-HS1
1,646,TGT,C,missense,TTTTTAGTTTTATCTTTGAGATGTCCA,FLVLSLRCP,2,1,1,646,C,D,1,-3.610224488936737,T0_1_freq,0.0025872644139623064,T0,1,BY4741__FKS1__HS1__FKS1-HS1,S-FKS1-HS1
1,646,TTG,L,missense,TTTTTAGTTTTATCTTTGAGATTGCCA,FLVLSLRLP,3,1,1,646,L,D,1,-3.610224488936737,T0_1_freq,0.00546448087431694,T0,1,BY4741__FKS1__HS1__FKS1-HS1,S-FKS1-HS1
1,646,TTT,F,missense,TTTTTAGTTTTATCTTTGAGATTTCCA,FLVLSLRFP,2,1,1,646,F,D,1,-3.610224488936737,T0_1_freq,0.004416192706590833,T0,1,BY4741__FKS1__HS1__FKS1-HS1,S-FKS1-HS1
1,647,AAG,K,missense,TTTTTAGTTTTATCTTTGAGAGATAAG,FLVLSLRDK,3,1,1,647,K,P,1,-3.610224488936737,T0_1_freq,0.002453440392550463,T0,1,BY4741__FKS1__HS1__FKS1-HS1,S-FKS1-HS1
1,647,AAT,N,missense,TTTTTAGTTTTATCTTTGAGAGATAAT,FLVLSLRDN,3,1,1,647,N,P,1,-3.610224488936737,T0_1_freq,0.0023196163711386194,T0,1,BY4741__FKS1__HS1__FKS1-HS1,S-FKS1-HS1
1,647,ACG,T,missense,TTTTTAGTTTTATCTTTGAGAGATACG,FLVLSLRDT,2,1,1,647,T,P,1,-3.610224488936737,T0_1_freq,0.002185792349726776,T0,1,BY4741__FKS1__HS1__FKS1-HS1,S-FKS1-HS1
1,647,ACT,T,missense,TTTTTAGTTTTATCTTTGAGAGATACT,FLVLSLRDT,2,1,1,647,T,P,1,-3.610224488936737,T0_1_freq,0.00156128024980484,T0,1,BY4741__FKS1__HS1__FKS1-HS1,S-FKS1-HS1
1,647,AGG,R,missense,TTTTTAGTTTTATCTTTGAGAGATAGG,FLVLSLRDR,3,1,1,647,R,P,1,-3.610224488936737,T0_1_freq,0.0022080963532954165,T0,1,BY4741__FKS1__HS1__FKS1-HS1,S-FKS1-HS1
1,647,AGT,S,missense,TTTTTAGTTTTATCTTTGAGAGATAGT,FLVLSLRDS,3,1,1,647,S,P,1,-3.610224488936737,T0_1_freq,0.0013605442176870747,T0,1,BY4741__FKS1__HS1__FKS1-HS1,S-FKS1-HS1
1,647,ATG,M,missense,TTTTTAGTTTTATCTTTGAGAGATATG,FLVLSLRDM,3,1,1,647,M,P,1,-3.610224488936737,T0_1_freq,0.003278688524590164,T0,1,BY4741__FKS1__HS1__FKS1-HS1,S-FKS1-HS1
1,647,ATT,I,missense,TTTTTAGTTTTATCTTTGAGAGATATT,FLVLSLRDI,3,1,1,647,I,P,1,-3.610224488936737,T0_1_freq,0.002386528381844541,T0,1,BY4741__FKS1__HS1__FKS1-HS1,S-FKS1-HS1
1,647,CAG,Q,missense,TTTTTAGTTTTATCTTTGAGAGATCAG,FLVLSLRDQ,2,1,1,647,Q,P,1,-3.610224488936737,T0_1_freq,0.0021188803390208544,T0,1,BY4741__FKS1__HS1__FKS1-HS1,S-FKS1-HS1
1,647,CAT,H,missense,TTTTTAGTTTTATCTTTGAGAGATCAT,FLVLSLRDH,2,1,1,647,H,P,1,-3.610224488936737,T0_1_freq,0.0017397122783539645,T0,1,BY4741__FKS1__HS1__FKS1-HS1,S-FKS1-HS1
1,647,CCG,P,silent,TTTTTAGTTTTATCTTTGAGAGATCCG,FLVLSLRDP,1,0,1,not-applicable,not-applicable,not-applicable,1,-3.610224488936737,T0_1_freq,0.0017843202854912457,T0,1,BY4741__FKS1__HS1__FKS1-HS1,S-FKS1-HS1
1,647,CCT,P,silent,TTTTTAGTTTTATCTTTGAGAGATCCT,FLVLSLRDP,1,0,1,not-applicable,not-applicable,not-applicable,1,-3.610224488936737,T0_1_freq,0.0013605442176870747,T0,1,BY4741__FKS1__HS1__FKS1-HS1,S-FKS1-HS1
1,647,CGG,R,missense,TTTTTAGTTTTATCTTTGAGAGATCGG,FLVLSLRDR,2,1,1,647,R,P,1,-3.610224488936737,T0_1_freq,0.0016504962640794022,T0,1,BY4741__FKS1__HS1__FKS1-HS1,S-FKS1-HS1
1,647,CGT,R,missense,TTTTTAGTTTTATCTTTGAGAGATCGT,FLVLSLRDR,2,1,1,647,R,P,1,-3.610224488936737,T0_1_freq,0.0011821121891379502,T0,1,BY4741__FKS1__HS1__FKS1-HS1,S-FKS1-HS1
1,647,CTG,L,missense,TTTTTAGTTTTATCTTTGAGAGATCTG,FLVLSLRDL,2,1,1,647,L,P,1,-3.610224488936737,T0_1_freq,0.0027433924389427904,T0,1,BY4741__FKS1__HS1__FKS1-HS1,S-FKS1-HS1
1,647,CTT,L,missense,TTTTTAGTTTTATCTTTGAGAGATCTT,FLVLSLRDL,2,1,1,647,L,P,1,-3.610224488936737,T0_1_freq,0.002185792349726776,T0,1,BY4741__FKS1__HS1__FKS1-HS1,S-FKS1-HS1
1,647,GAG,E,missense,TTTTTAGTTTTATCTTTGAGAGATGAG,FLVLSLRDE,3,1,1,647,E,P,1,-3.610224488936737,T0_1_freq,0.0019181443069030892,T0,1,BY4741__FKS1__HS1__FKS1-HS1,S-FKS1-HS1
1,647,GAT,D,missense,TTTTTAGTTTTATCTTTGAGAGATGAT,FLVLSLRDD,3,1,1,647,D,P,1,-3.610224488936737,T0_1_freq,0.0015835842533734805,T0,1,BY4741__FKS1__HS1__FKS1-HS1,S-FKS1-HS1
1,647,GCG,A,missense,TTTTTAGTTTTATCTTTGAGAGATGCG,FLVLSLRDA,2,1,1,647,A,P,1,-3.610224488936737,T0_1_freq,0.0019181443069030892,T0,1,BY4741__FKS1__HS1__FKS1-HS1,S-FKS1-HS1
1,647,GCT,A,missense,TTTTTAGTTTTATCTTTGAGAGATGCT,FLVLSLRDA,2,1,1,647,A,P,1,-3.610224488936737,T0_1_freq,0.0013382402141184342,T0,1,BY4741__FKS1__HS1__FKS1-HS1,S-FKS1-HS1
1,647,GGG,G,missense,TTTTTAGTTTTATCTTTGAGAGATGGG,FLVLSLRDG,3,1,1,647,G,P,1,-3.610224488936737,T0_1_freq,0.0014720642355302777,T0,1,BY4741__FKS1__HS1__FKS1-HS1,S-FKS1-HS1
1,647,GGT,G,missense,TTTTTAGTTTTATCTTTGAGAGATGGT,FLVLSLRDG,3,1,1,647,G,P,1,-3.610224488936737,T0_1_freq,0.0013605442176870747,T0,1,BY4741__FKS1__HS1__FKS1-HS1,S-FKS1-HS1
1,647,GTG,V,missense,TTTTTAGTTTTATCTTTGAGAGATGTG,FLVLSLRDV,3,1,1,647,V,P,1,-3.610224488936737,T0_1_freq,0.0025649604103936655,T0,1,BY4741__FKS1__HS1__FKS1-HS1,S-FKS1-HS1
1,647,GTT,V,missense,TTTTTAGTTTTATCTTTGAGAGATGTT,FLVLSLRDV,3,1,1,647,V,P,1,-3.610224488936737,T0_1_freq,0.0021634883461581354,T0,1,BY4741__FKS1__HS1__FKS1-HS1,S-FKS1-HS1
1,647,TAG,*,nonsense,TTTTTAGTTTTATCTTTGAGAGATTAG,FLVLSLRD*,3,1,1,647,*,P,1,-3.610224488936737,T0_1_freq,0.002810304449648712,T0,1,BY4741__FKS1__HS1__FKS1-HS1,S-FKS1-HS1
1,647,TAT,Y,missense,TTTTTAGTTTTATCTTTGAGAGATTAT,FLVLSLRDY,3,1,1,647,Y,P,1,-3.610224488936737,T0_1_freq,0.002453440392550463,T0,1,BY4741__FKS1__HS1__FKS1-HS1,S-FKS1-HS1
1,647,TCG,S,missense,TTTTTAGTTTTATCTTTGAGAGATTCG,FLVLSLRDS,2,1,1,647,S,P,1,-3.610224488936737,T0_1_freq,0.0028326084532173525,T0,1,BY4741__FKS1__HS1__FKS1-HS1,S-FKS1-HS1
1,647,TCT,S,missense,TTTTTAGTTTTATCTTTGAGAGATTCT,FLVLSLRDS,2,1,1,647,S,P,1,-3.610224488936737,T0_1_freq,0.0024088323854131815,T0,1,BY4741__FKS1__HS1__FKS1-HS1,S-FKS1-HS1
1,647,TGG,W,missense,TTTTTAGTTTTATCTTTGAGAGATTGG,FLVLSLRDW,3,1,1,647,W,P,1,-3.610224488936737,T0_1_freq,0.0019404483104717297,T0,1,BY4741__FKS1__HS1__FKS1-HS1,S-FKS1-HS1
1,647,TGT,C,missense,TTTTTAGTTTTATCTTTGAGAGATTGT,FLVLSLRDC,3,1,1,647,C,P,1,-3.610224488936737,T0_1_freq,0.002141184342589495,T0,1,BY4741__FKS1__HS1__FKS1-HS1,S-FKS1-HS1
1,647,TTG,L,missense,TTTTTAGTTTTATCTTTGAGAGATTTG,FLVLSLRDL,3,1,1,647,L,P,1,-3.610224488936737,T0_1_freq,0.004014720642355303,T0,1,BY4741__FKS1__HS1__FKS1-HS1,S-FKS1-HS1
1,647,TTT,F,missense,TTTTTAGTTTTATCTTTGAGAGATTTT,FLVLSLRDF,3,1,1,647,F,P,1,-3.610224488936737,T0_1_freq,0.0029441284710605554,T0,1,BY4741__FKS1__HS1__FKS1-HS1,S-FKS1-HS1
