Scer_mutation,anidulafungin,caspofungin,micafungin,best_res_across,best_sens_across,reported in Scer
D691A,sensitive,sensitive,sensitive,,-1.0,True
D691T,disagreement,resistant,disagreement,1.0,,True
I697C,resistant,resistant,disagreement,1.0,,True
I697D,sensitive,sensitive,sensitive,,-1.0,True
I697F,resistant,resistant,resistant,1.0,,True
I697R,resistant,resistant,resistant,1.0,,True
I697T,resistant,resistant,disagreement,1.0,,True
I697V,sensitive,sensitive,sensitive,,-1.0,True
I698H,disagreement,disagreement,disagreement,1.0,,True
I698N,disagreement,disagreement,disagreement,1.0,,True
I698P,disagreement,disagreement,disagreement,1.0,,True
I698S,sensitive,sensitive,sensitive,,-1.0,True
I698V,sensitive,disagreement,sensitive,,-1.0,True
L690A,disagreement,disagreement,disagreement,1.0,,True
L690E,resistant,resistant,disagreement,1.0,,True
L694A,resistant,disagreement,disagreement,1.0,,True
L694T,sensitive,sensitive,sensitive,,-1.0,True
N700S,resistant,disagreement,disagreement,1.0,,True
T692S,disagreement,sensitive,sensitive,,-1.0,True
V699A,sensitive,sensitive,sensitive,,-1.0,True
V699C,disagreement,disagreement,disagreement,1.0,,True
V699Q,disagreement,disagreement,disagreement,1.0,,True
V699S,sensitive,sensitive,sensitive,,-1.0,True
V699T,sensitive,sensitive,sensitive,,-1.0,True
V699W,resistant,disagreement,disagreement,1.0,,True
W695C,disagreement,resistant,disagreement,1.0,,True
W695F,resistant,resistant,resistant,1.0,,True
W695L,resistant,resistant,resistant,1.0,,True
Y693C,resistant,resistant,resistant,1.0,,True
Y693S,disagreement,disagreement,sensitive,,-1.0,True
Y696A,sensitive,sensitive,sensitive,,-1.0,True
Y696F,disagreement,sensitive,sensitive,,-1.0,True
Y696I,disagreement,disagreement,disagreement,1.0,,True
Y696N,resistant,resistant,disagreement,1.0,,True
Y696W,sensitive,sensitive,sensitive,,-1.0,True
