strain,paralog,hotspot,Mutated_seq,compound,Nham_aa,aa_seq,aa_pos,alt_aa,wt_aa,s,lower_err_T2,upper_err_T2,refined_class,sensres
BY4741,FKS1,HS1,FKS1-HS1,anidulafungin,0,FLVLSLRDP,not-applicable,not-applicable,not-applicable,-0.0717756571089043,0.0015465505953216,0.0015465505953216,WT-like,sensitive
BY4741,FKS1,HS1,FKS1-HS1,anidulafungin,1,FLILSLRDP,641,I,V,-0.1594886299171096,0.0643571640429116,0.0643571640429116,WT-like,sensitive
BY4741,FKS1,HS1,FKS1-HS1,anidulafungin,1,FLTLSLRDP,641,T,V,-0.13961771588735,0.1302906266117231,0.1302906266117231,WT-like,sensitive
BY4741,FKS1,HS1,FKS1-HS1,anidulafungin,2,FLALSFRDP,not-applicable,not-applicable,not-applicable,0.2010639591323216,0.0407959561761867,0.0407959561761867,WT-like,sensitive
BY4741,FKS1,HS1,FKS1-HS1,anidulafungin,2,FLALSIRDP,not-applicable,not-applicable,not-applicable,-0.1955246150068279,0.1230534657105087,0.1230534657105087,WT-like,sensitive
BY4741,FKS1,HS1,FKS1-HS1,anidulafungin,2,FLSLSFRDP,not-applicable,not-applicable,not-applicable,1.1697716661254018,0.0373700228717666,0.0373700228717663,resistant,resistant
BY4741,FKS1,HS1,FKS1-HS1,anidulafungin,2,FLTLSFRDP,not-applicable,not-applicable,not-applicable,0.0942038941348243,0.0711240206387931,0.071124020638793,WT-like,sensitive
BY4741,FKS1,HS1,FKS1-HS1,anidulafungin,2,FLTLSIRDP,not-applicable,not-applicable,not-applicable,-0.2247894956925957,0.046718314117407,0.046718314117407,WT-like,sensitive
BY4741,FKS1,HS1,FKS1-HS1,anidulafungin,2,FLTLSLKDP,not-applicable,not-applicable,not-applicable,-0.0187725996667419,0.2105620230791569,0.2105620230791569,WT-like,sensitive
BY4741,FKS1,HS1,FKS1-HS1,anidulafungin,2,FLTLSLRDA,not-applicable,not-applicable,not-applicable,1.332696361963044,0.0310871234884266,0.0310871234884266,resistant,resistant
BY4741,FKS1,HS1,FKS1-HS1,anidulafungin,2,FLTLSLVDP,not-applicable,not-applicable,not-applicable,-0.0281782488136113,0.071772334221948,0.071772334221948,WT-like,sensitive
BY4741,FKS1,HS1,FKS1-HS1,anidulafungin,2,FLTLSVRDP,not-applicable,not-applicable,not-applicable,-0.0382764586368384,0.0910221472514921,0.0910221472514921,WT-like,sensitive
BY4741,FKS1,HS1,FKS1-HS1,anidulafungin,2,FMALSLRDP,not-applicable,not-applicable,not-applicable,0.7537003281299357,0.0286451544948405,0.0286451544948406,intermediary,resistant
BY4741,FKS1,HS1,FKS1-HS1,anidulafungin,2,YLILSLRDP,not-applicable,not-applicable,not-applicable,1.1671975180688436,0.0815906970457562,0.0815906970457565,resistant,resistant
BY4741,FKS1,HS1,FKS1-HS1,anidulafungin,2,YLTLSLRDP,not-applicable,not-applicable,not-applicable,1.3600952721336608,0.0337612158014593,0.0337612158014595,resistant,resistant
BY4741,FKS1,HS1,FKS1-HS1,anidulafungin,3,ALTLSFRDP,not-applicable,not-applicable,not-applicable,1.334136223113996,0.0638729717766224,0.0638729717766224,resistant,resistant
BY4741,FKS1,HS1,FKS1-HS1,anidulafungin,3,FLALSFKDP,not-applicable,not-applicable,not-applicable,-0.3912294956012521,0.146413377077341,0.146413377077341,WT-like,sensitive
BY4741,FKS1,HS1,FKS1-HS1,anidulafungin,3,FLALSFRDA,not-applicable,not-applicable,not-applicable,1.3074780190636903,0.0200930914886683,0.0200930914886683,resistant,resistant
BY4741,FKS1,HS1,FKS1-HS1,anidulafungin,3,FLIKSLIDP,not-applicable,not-applicable,not-applicable,-0.0642918856204735,0.0532508558785307,0.0532508558785307,WT-like,sensitive
BY4741,FKS1,HS1,FKS1-HS1,anidulafungin,3,FLTHSFRDP,not-applicable,not-applicable,not-applicable,1.3254401842592174,0.0178928786813836,0.0178928786813836,resistant,resistant
BY4741,FKS1,HS1,FKS1-HS1,anidulafungin,3,FLTLSAKDP,not-applicable,not-applicable,not-applicable,-0.1387598039899003,0.0297748335121344,0.0297748335121344,WT-like,sensitive
BY4741,FKS1,HS1,FKS1-HS1,anidulafungin,3,FLTLSFKDP,not-applicable,not-applicable,not-applicable,-0.0717115095616847,0.0565065439717894,0.0565065439717894,WT-like,sensitive
BY4741,FKS1,HS1,FKS1-HS1,anidulafungin,3,FLTLSFRDT,not-applicable,not-applicable,not-applicable,0.1415383470053969,0.0613491883392932,0.0613491883392932,WT-like,sensitive
BY4741,FKS1,HS1,FKS1-HS1,anidulafungin,3,FLTLSIKDP,not-applicable,not-applicable,not-applicable,-0.3260542331800611,0.3093128968689868,0.3093128968689868,WT-like,sensitive
BY4741,FKS1,HS1,FKS1-HS1,anidulafungin,3,YLALSFRDP,not-applicable,not-applicable,not-applicable,1.300855183798358,0.0217440952151006,0.0217440952151006,resistant,resistant
BY4741,FKS1,HS1,FKS1-HS1,anidulafungin,3,YLILSFRDP,not-applicable,not-applicable,not-applicable,1.3184276131790065,0.0695998801010779,0.0695998801010777,resistant,resistant
BY4741,FKS1,HS1,FKS1-HS1,anidulafungin,3,YLILSIRDP,not-applicable,not-applicable,not-applicable,1.3107593371465018,0.03316615030391,0.03316615030391,resistant,resistant
BY4741,FKS1,HS1,FKS1-HS1,anidulafungin,3,YLTLSFRDP,not-applicable,not-applicable,not-applicable,1.2847916021945114,0.0079533834397704,0.0079533834397704,resistant,resistant
BY4741,FKS1,HS1,FKS1-HS1,anidulafungin,3,YLTLSIRDP,not-applicable,not-applicable,not-applicable,1.288433479121732,0.0480518455306617,0.0480518455306615,resistant,resistant
BY4741,FKS1,HS1,FKS1-HS1,anidulafungin,4,FLALNLSDS,not-applicable,not-applicable,not-applicable,1.357233248305783,0.0613702203870054,0.0613702203870054,resistant,resistant
BY4741,FKS1,HS1,FKS1-HS1,anidulafungin,4,FLTLNLADS,not-applicable,not-applicable,not-applicable,1.3559226213997064,0.0587904603556301,0.0587904603556299,resistant,resistant
BY4741,FKS1,HS1,FKS1-HS1,anidulafungin,4,FLTLNLSDS,not-applicable,not-applicable,not-applicable,1.322613859811467,0.0300165221804948,0.0300165221804946,resistant,resistant
BY4741,FKS1,HS1,FKS1-HS1,anidulafungin,4,FLTLSFENP,not-applicable,not-applicable,not-applicable,0.121853050371895,0.1074312402727813,0.1074312402727813,WT-like,sensitive
BY4741,FKS1,HS1,FKS1-HS1,anidulafungin,4,SLTLSFRDV,not-applicable,not-applicable,not-applicable,1.3102970699644636,0.057351564361961,0.057351564361961,resistant,resistant
BY4741,FKS1,HS1,FKS1-HS1,anidulafungin,4,YLALSFKDP,not-applicable,not-applicable,not-applicable,1.2794436708607666,0.0486368990567493,0.0486368990567496,resistant,resistant
BY4741,FKS1,HS1,FKS1-HS1,anidulafungin,4,YLTLSFKDP,not-applicable,not-applicable,not-applicable,1.280662875540052,0.0429245540990277,0.0429245540990277,resistant,resistant
BY4741,FKS1,HS1,FKS1-HS1,anidulafungin,4,YLTLSFRDA,not-applicable,not-applicable,not-applicable,1.3266005594880714,0.0062453107448656,0.0062453107448658,resistant,resistant
BY4741,FKS1,HS1,FKS1-HS1,anidulafungin,4,YLTLSFRDV,not-applicable,not-applicable,not-applicable,1.1725866117046695,0.0441694636992349,0.0441694636992346,resistant,resistant
BY4741,FKS1,HS1,FKS1-HS1,anidulafungin,4,YLTLSFSDP,not-applicable,not-applicable,not-applicable,1.328513839158708,0.0187120881593114,0.0187120881593114,resistant,resistant
BY4741,FKS1,HS1,FKS1-HS1,anidulafungin,4,YLTLSIKDP,not-applicable,not-applicable,not-applicable,1.164557769758174,0.0567773659828474,0.0567773659828474,intermediary,resistant
BY4741,FKS1,HS1,FKS1-HS1,anidulafungin,4,YLTRSFRDP,not-applicable,not-applicable,not-applicable,1.1566110836102736,0.0505817050872789,0.0505817050872789,intermediary,resistant
BY4741,FKS1,HS1,FKS1-HS1,anidulafungin,5,ALALNIKDP,not-applicable,not-applicable,not-applicable,-0.2449936948443252,0.0150145528905426,0.0150145528905426,WT-like,sensitive
BY4741,FKS1,HS1,FKS1-HS1,anidulafungin,5,FLTSSFSSP,not-applicable,not-applicable,not-applicable,1.3395931451559766,0.0270921521070679,0.0270921521070679,resistant,resistant
BY4741,FKS1,HS1,FKS1-HS1,anidulafungin,5,YLTLAFRDS,not-applicable,not-applicable,not-applicable,1.3016598395222323,0.0428755786235752,0.0428755786235752,resistant,resistant
BY4741,FKS1,HS1,FKS1-HS1,anidulafungin,6,YLTRAFRDS,not-applicable,not-applicable,not-applicable,1.2763232936655649,0.0284884094925192,0.0284884094925195,resistant,resistant
BY4741,FKS1,HS1,FKS1-HS1,anidulafungin,7,AICSDLRED,not-applicable,not-applicable,not-applicable,1.2194251519932102,0.0461532009442617,0.0461532009442617,resistant,resistant
BY4741,FKS1,HS1,FKS1-HS1,anidulafungin,7,LQIRPLIAP,not-applicable,not-applicable,not-applicable,1.3732702706655238,0.0012464781849954,0.0012464781849954,resistant,resistant
BY4741,FKS1,HS1,FKS1-HS1,anidulafungin,7,LQVKPMIKP,not-applicable,not-applicable,not-applicable,1.3492743134309846,0.031074556891826,0.0310745568918262,resistant,resistant
BY4741,FKS1,HS1,FKS1-HS1,anidulafungin,7,VLTLLVTQH,not-applicable,not-applicable,not-applicable,1.1257098954648388,0.0618060384705752,0.0618060384705752,intermediary,resistant
BY4741,FKS1,HS1,FKS1-HS1,caspofungin,0,FLVLSLRDP,not-applicable,not-applicable,not-applicable,-0.0596456714319733,0.0061587637163129,0.0061587637163129,WT-like,sensitive
BY4741,FKS1,HS1,FKS1-HS1,caspofungin,1,FLILSLRDP,641,I,V,-0.1240188582686919,0.0396529084572389,0.0396529084572389,WT-like,sensitive
BY4741,FKS1,HS1,FKS1-HS1,caspofungin,1,FLTLSLRDP,641,T,V,0.0212578893581821,0.0084490881008331,0.0084490881008331,WT-like,sensitive
BY4741,FKS1,HS1,FKS1-HS1,caspofungin,2,FLALSFRDP,not-applicable,not-applicable,not-applicable,-0.2776240596741961,0.1147093998355084,0.1147093998355084,WT-like,sensitive
BY4741,FKS1,HS1,FKS1-HS1,caspofungin,2,FLALSIRDP,not-applicable,not-applicable,not-applicable,-0.0847355971997402,0.032728856299487,0.032728856299487,WT-like,sensitive
BY4741,FKS1,HS1,FKS1-HS1,caspofungin,2,FLSLSFRDP,not-applicable,not-applicable,not-applicable,0.864554864923075,0.0108559717025653,0.0108559717025653,intermediary,resistant
BY4741,FKS1,HS1,FKS1-HS1,caspofungin,2,FLTLSFRDP,not-applicable,not-applicable,not-applicable,0.032952858820811,0.1112800632160721,0.1112800632160721,WT-like,sensitive
BY4741,FKS1,HS1,FKS1-HS1,caspofungin,2,FLTLSIRDP,not-applicable,not-applicable,not-applicable,-0.0891190884709229,0.0580616170398704,0.0580616170398704,WT-like,sensitive
BY4741,FKS1,HS1,FKS1-HS1,caspofungin,2,FLTLSLKDP,not-applicable,not-applicable,not-applicable,-0.1608811122023885,0.1139932411603732,0.1139932411603732,WT-like,sensitive
BY4741,FKS1,HS1,FKS1-HS1,caspofungin,2,FLTLSLRDA,not-applicable,not-applicable,not-applicable,1.166689435131865,0.0126632014083511,0.0126632014083509,resistant,resistant
BY4741,FKS1,HS1,FKS1-HS1,caspofungin,2,FLTLSLVDP,not-applicable,not-applicable,not-applicable,-0.2547572360690161,0.2861162701650452,0.2861162701650452,WT-like,sensitive
BY4741,FKS1,HS1,FKS1-HS1,caspofungin,2,FLTLSVRDP,not-applicable,not-applicable,not-applicable,-0.0654050811708283,0.0982457336021898,0.0982457336021898,WT-like,sensitive
BY4741,FKS1,HS1,FKS1-HS1,caspofungin,2,FMALSLRDP,not-applicable,not-applicable,not-applicable,0.0527527120987448,0.0187144679084098,0.0187144679084098,WT-like,sensitive
BY4741,FKS1,HS1,FKS1-HS1,caspofungin,2,YLILSLRDP,not-applicable,not-applicable,not-applicable,1.2250177586502056,0.0117090695759893,0.0117090695759896,resistant,resistant
BY4741,FKS1,HS1,FKS1-HS1,caspofungin,2,YLTLSLRDP,not-applicable,not-applicable,not-applicable,1.298981626091856,0.0071621820700618,0.0071621820700615,resistant,resistant
BY4741,FKS1,HS1,FKS1-HS1,caspofungin,3,ALTLSFRDP,not-applicable,not-applicable,not-applicable,1.2929906704207612,0.0094343537656333,0.0094343537656331,resistant,resistant
BY4741,FKS1,HS1,FKS1-HS1,caspofungin,3,FLALSFKDP,not-applicable,not-applicable,not-applicable,-0.2258021615976538,0.3023649365040434,0.3023649365040433,WT-like,sensitive
BY4741,FKS1,HS1,FKS1-HS1,caspofungin,3,FLALSFRDA,not-applicable,not-applicable,not-applicable,1.2581076264014546,0.0215356770439256,0.0215356770439256,resistant,resistant
BY4741,FKS1,HS1,FKS1-HS1,caspofungin,3,FLIKSLIDP,not-applicable,not-applicable,not-applicable,-0.0879065494458228,0.0575926370526203,0.0575926370526203,WT-like,sensitive
BY4741,FKS1,HS1,FKS1-HS1,caspofungin,3,FLTHSFRDP,not-applicable,not-applicable,not-applicable,1.2768342293303452,0.021819540102461,0.021819540102461,resistant,resistant
BY4741,FKS1,HS1,FKS1-HS1,caspofungin,3,FLTLSAKDP,not-applicable,not-applicable,not-applicable,-0.2667409726735767,0.2767242093498385,0.2767242093498385,WT-like,sensitive
BY4741,FKS1,HS1,FKS1-HS1,caspofungin,3,FLTLSFKDP,not-applicable,not-applicable,not-applicable,-0.1997595154986805,0.2630262943826104,0.2630262943826104,WT-like,sensitive
BY4741,FKS1,HS1,FKS1-HS1,caspofungin,3,FLTLSFRDT,not-applicable,not-applicable,not-applicable,0.0727375578588415,0.0010002167992801,0.0010002167992801,WT-like,sensitive
BY4741,FKS1,HS1,FKS1-HS1,caspofungin,3,FLTLSIKDP,not-applicable,not-applicable,not-applicable,-0.2264983266777025,0.0472499813877758,0.0472499813877758,WT-like,sensitive
BY4741,FKS1,HS1,FKS1-HS1,caspofungin,3,YLALSFRDP,not-applicable,not-applicable,not-applicable,1.2341881442474758,0.0075215029516557,0.0075215029516555,resistant,resistant
BY4741,FKS1,HS1,FKS1-HS1,caspofungin,3,YLILSFRDP,not-applicable,not-applicable,not-applicable,1.2816814442555575,0.0179933437991737,0.0179933437991737,resistant,resistant
BY4741,FKS1,HS1,FKS1-HS1,caspofungin,3,YLILSIRDP,not-applicable,not-applicable,not-applicable,1.2898292057646144,0.0086548149089447,0.0086548149089449,resistant,resistant
BY4741,FKS1,HS1,FKS1-HS1,caspofungin,3,YLTLSFRDP,not-applicable,not-applicable,not-applicable,1.255593056473467,0.0377252423235181,0.0377252423235181,resistant,resistant
BY4741,FKS1,HS1,FKS1-HS1,caspofungin,3,YLTLSIRDP,not-applicable,not-applicable,not-applicable,1.2890385532018214,0.0091828940031752,0.009182894003175,resistant,resistant
BY4741,FKS1,HS1,FKS1-HS1,caspofungin,4,FLALNLSDS,not-applicable,not-applicable,not-applicable,1.2777699225645858,0.0017482055059947,0.0017482055059945,resistant,resistant
BY4741,FKS1,HS1,FKS1-HS1,caspofungin,4,FLTLNLADS,not-applicable,not-applicable,not-applicable,1.3289660332667077,0.026688389337709,0.0266883893377087,resistant,resistant
BY4741,FKS1,HS1,FKS1-HS1,caspofungin,4,FLTLNLSDS,not-applicable,not-applicable,not-applicable,1.2687699929043803,0.0042332823052968,0.0042332823052968,resistant,resistant
BY4741,FKS1,HS1,FKS1-HS1,caspofungin,4,FLTLSFENP,not-applicable,not-applicable,not-applicable,0.5234449691033172,0.0070162574564549,0.007016257456455,intermediary,resistant
BY4741,FKS1,HS1,FKS1-HS1,caspofungin,4,SLTLSFRDV,not-applicable,not-applicable,not-applicable,1.2318138746301104,0.0137174463523515,0.0137174463523515,resistant,resistant
BY4741,FKS1,HS1,FKS1-HS1,caspofungin,4,YLALSFKDP,not-applicable,not-applicable,not-applicable,1.2493224050464495,0.0023456453844636,0.0023456453844639,resistant,resistant
BY4741,FKS1,HS1,FKS1-HS1,caspofungin,4,YLTLSFKDP,not-applicable,not-applicable,not-applicable,1.236279381331563,0.0051391521519692,0.0051391521519692,resistant,resistant
BY4741,FKS1,HS1,FKS1-HS1,caspofungin,4,YLTLSFRDA,not-applicable,not-applicable,not-applicable,1.2901197043490042,0.0171571773512981,0.0171571773512984,resistant,resistant
BY4741,FKS1,HS1,FKS1-HS1,caspofungin,4,YLTLSFRDV,not-applicable,not-applicable,not-applicable,1.1664148726995027,0.0089640009026787,0.0089640009026787,resistant,resistant
BY4741,FKS1,HS1,FKS1-HS1,caspofungin,4,YLTLSFSDP,not-applicable,not-applicable,not-applicable,1.2679560029613297,0.0227758559580302,0.0227758559580302,resistant,resistant
BY4741,FKS1,HS1,FKS1-HS1,caspofungin,4,YLTLSIKDP,not-applicable,not-applicable,not-applicable,1.2360970559155184,0.0053711442644244,0.0053711442644244,resistant,resistant
BY4741,FKS1,HS1,FKS1-HS1,caspofungin,4,YLTRSFRDP,not-applicable,not-applicable,not-applicable,1.2990006902051858,0.0300040010355013,0.0300040010355011,resistant,resistant
BY4741,FKS1,HS1,FKS1-HS1,caspofungin,5,ALALNIKDP,not-applicable,not-applicable,not-applicable,1.3153686015752817,0.0247868350202498,0.02478683502025,resistant,resistant
BY4741,FKS1,HS1,FKS1-HS1,caspofungin,5,FLTSSFSSP,not-applicable,not-applicable,not-applicable,1.2493479786152082,0.0290521526527505,0.0290521526527505,resistant,resistant
BY4741,FKS1,HS1,FKS1-HS1,caspofungin,5,YLTLAFRDS,not-applicable,not-applicable,not-applicable,1.2648638482838643,0.0103078264600655,0.0103078264600655,resistant,resistant
BY4741,FKS1,HS1,FKS1-HS1,caspofungin,6,YLTRAFRDS,not-applicable,not-applicable,not-applicable,1.2788174192130648,0.0022192492809085,0.0022192492809085,resistant,resistant
BY4741,FKS1,HS1,FKS1-HS1,caspofungin,7,AICSDLRED,not-applicable,not-applicable,not-applicable,1.1402851334008424,0.0041734234304535,0.0041734234304533,resistant,resistant
BY4741,FKS1,HS1,FKS1-HS1,caspofungin,7,LQIRPLIAP,not-applicable,not-applicable,not-applicable,1.328149237801694,0.0208395791203237,0.0208395791203239,resistant,resistant
BY4741,FKS1,HS1,FKS1-HS1,caspofungin,7,LQVKPMIKP,not-applicable,not-applicable,not-applicable,1.3010140540648951,0.0084178688491927,0.0084178688491924,resistant,resistant
BY4741,FKS1,HS1,FKS1-HS1,caspofungin,7,VLTLLVTQH,not-applicable,not-applicable,not-applicable,1.06673712407793,0.0214272962648525,0.0214272962648525,resistant,resistant
BY4741,FKS1,HS1,FKS1-HS1,micafungin,0,FLVLSLRDP,not-applicable,not-applicable,not-applicable,-0.058598061714507,0.0140988132400538,0.0140988132400538,WT-like,sensitive
BY4741,FKS1,HS1,FKS1-HS1,micafungin,1,FLILSLRDP,641,I,V,-0.0576520293491662,0.3288052531954701,0.3288052531954701,WT-like,sensitive
BY4741,FKS1,HS1,FKS1-HS1,micafungin,1,FLTLSLRDP,641,T,V,-0.3019291964306099,0.2259762338345711,0.2259762338345711,WT-like,sensitive
BY4741,FKS1,HS1,FKS1-HS1,micafungin,2,FLALSFRDP,not-applicable,not-applicable,not-applicable,-0.1722603351630797,0.2723153574713098,0.2723153574713098,WT-like,sensitive
BY4741,FKS1,HS1,FKS1-HS1,micafungin,2,FLALSIRDP,not-applicable,not-applicable,not-applicable,-0.3556357765001554,0.4078066277416133,0.4078066277416133,WT-like,sensitive
BY4741,FKS1,HS1,FKS1-HS1,micafungin,2,FLSLSFRDP,not-applicable,not-applicable,not-applicable,1.167759974683229,0.0590877688844753,0.0590877688844755,intermediary,resistant
BY4741,FKS1,HS1,FKS1-HS1,micafungin,2,FLTLSFRDP,not-applicable,not-applicable,not-applicable,-0.2694303050166537,0.080588288532138,0.080588288532138,WT-like,sensitive
BY4741,FKS1,HS1,FKS1-HS1,micafungin,2,FLTLSIRDP,not-applicable,not-applicable,not-applicable,0.033811869997996,0.0025156603251162,0.0025156603251162,WT-like,sensitive
BY4741,FKS1,HS1,FKS1-HS1,micafungin,2,FLTLSLKDP,not-applicable,not-applicable,not-applicable,-0.2289532684552172,0.0739543927967484,0.0739543927967484,WT-like,sensitive
BY4741,FKS1,HS1,FKS1-HS1,micafungin,2,FLTLSLRDA,not-applicable,not-applicable,not-applicable,1.128888777423228,0.0463554032256443,0.0463554032256443,intermediary,resistant
BY4741,FKS1,HS1,FKS1-HS1,micafungin,2,FLTLSLVDP,not-applicable,not-applicable,not-applicable,0.2421490265732251,0.0693619277048268,0.0693619277048268,WT-like,sensitive
BY4741,FKS1,HS1,FKS1-HS1,micafungin,2,FLTLSVRDP,not-applicable,not-applicable,not-applicable,-0.2915445164509374,0.1600985671649186,0.1600985671649186,WT-like,sensitive
BY4741,FKS1,HS1,FKS1-HS1,micafungin,2,FMALSLRDP,not-applicable,not-applicable,not-applicable,-0.2742390705270854,0.1177811265661438,0.1177811265661439,WT-like,sensitive
BY4741,FKS1,HS1,FKS1-HS1,micafungin,2,YLILSLRDP,not-applicable,not-applicable,not-applicable,0.963538476110152,0.09596279853496,0.09596279853496,intermediary,resistant
BY4741,FKS1,HS1,FKS1-HS1,micafungin,2,YLTLSLRDP,not-applicable,not-applicable,not-applicable,1.288247772115396,0.0653640728035009,0.0653640728035009,intermediary,resistant
BY4741,FKS1,HS1,FKS1-HS1,micafungin,3,ALTLSFRDP,not-applicable,not-applicable,not-applicable,1.436825547934671,0.1188093256369029,0.1188093256369029,resistant,resistant
BY4741,FKS1,HS1,FKS1-HS1,micafungin,3,FLALSFKDP,not-applicable,not-applicable,not-applicable,-0.1765871620664889,0.0448048522977953,0.0448048522977953,WT-like,sensitive
BY4741,FKS1,HS1,FKS1-HS1,micafungin,3,FLALSFRDA,not-applicable,not-applicable,not-applicable,1.412749606413931,0.073193299175251,0.073193299175251,resistant,resistant
BY4741,FKS1,HS1,FKS1-HS1,micafungin,3,FLIKSLIDP,not-applicable,not-applicable,not-applicable,-0.2132351127670705,0.2009822191675733,0.2009822191675733,WT-like,sensitive
BY4741,FKS1,HS1,FKS1-HS1,micafungin,3,FLTHSFRDP,not-applicable,not-applicable,not-applicable,1.4334983229904994,0.0718155476417459,0.0718155476417456,resistant,resistant
BY4741,FKS1,HS1,FKS1-HS1,micafungin,3,FLTLSAKDP,not-applicable,not-applicable,not-applicable,-0.1414416523449768,0.3000121723602311,0.3000121723602311,WT-like,sensitive
BY4741,FKS1,HS1,FKS1-HS1,micafungin,3,FLTLSFKDP,not-applicable,not-applicable,not-applicable,-0.003375127355973,0.2189245940023121,0.218924594002312,WT-like,sensitive
BY4741,FKS1,HS1,FKS1-HS1,micafungin,3,FLTLSFRDT,not-applicable,not-applicable,not-applicable,0.2596397479067055,0.1018495953347256,0.1018495953347256,WT-like,sensitive
BY4741,FKS1,HS1,FKS1-HS1,micafungin,3,FLTLSIKDP,not-applicable,not-applicable,not-applicable,-0.1805908303363044,0.1840589711938911,0.1840589711938911,WT-like,sensitive
BY4741,FKS1,HS1,FKS1-HS1,micafungin,3,YLALSFRDP,not-applicable,not-applicable,not-applicable,1.3887864024259886,0.0711531531838223,0.0711531531838221,resistant,resistant
BY4741,FKS1,HS1,FKS1-HS1,micafungin,3,YLILSFRDP,not-applicable,not-applicable,not-applicable,1.4305294956106271,0.1105923894816849,0.1105923894816851,resistant,resistant
BY4741,FKS1,HS1,FKS1-HS1,micafungin,3,YLILSIRDP,not-applicable,not-applicable,not-applicable,1.2656941356952474,0.0521613446841291,0.0521613446841289,intermediary,resistant
BY4741,FKS1,HS1,FKS1-HS1,micafungin,3,YLTLSFRDP,not-applicable,not-applicable,not-applicable,1.398834058996376,0.0361357903591099,0.0361357903591101,resistant,resistant
BY4741,FKS1,HS1,FKS1-HS1,micafungin,3,YLTLSIRDP,not-applicable,not-applicable,not-applicable,1.2214293074277127,0.0796503137552302,0.07965031375523,intermediary,resistant
BY4741,FKS1,HS1,FKS1-HS1,micafungin,4,FLALNLSDS,not-applicable,not-applicable,not-applicable,1.4719677831326394,0.1233530898757633,0.1233530898757633,resistant,resistant
BY4741,FKS1,HS1,FKS1-HS1,micafungin,4,FLTLNLADS,not-applicable,not-applicable,not-applicable,1.4883085599734658,0.0963848343730675,0.0963848343730675,resistant,resistant
BY4741,FKS1,HS1,FKS1-HS1,micafungin,4,FLTLNLSDS,not-applicable,not-applicable,not-applicable,1.4409658741202571,0.0649256917271985,0.0649256917271985,resistant,resistant
BY4741,FKS1,HS1,FKS1-HS1,micafungin,4,FLTLSFENP,not-applicable,not-applicable,not-applicable,0.5178221664379887,0.0471386262208909,0.0471386262208909,intermediary,resistant
BY4741,FKS1,HS1,FKS1-HS1,micafungin,4,SLTLSFRDV,not-applicable,not-applicable,not-applicable,1.4026045151281044,0.1029722824972139,0.1029722824972139,resistant,resistant
BY4741,FKS1,HS1,FKS1-HS1,micafungin,4,YLALSFKDP,not-applicable,not-applicable,not-applicable,1.3950688341275137,0.09493056341099,0.0949305634109902,resistant,resistant
BY4741,FKS1,HS1,FKS1-HS1,micafungin,4,YLTLSFKDP,not-applicable,not-applicable,not-applicable,1.3662779161723488,0.0820711293067877,0.0820711293067877,resistant,resistant
BY4741,FKS1,HS1,FKS1-HS1,micafungin,4,YLTLSFRDA,not-applicable,not-applicable,not-applicable,1.428971168847598,0.0466820441504083,0.0466820441504085,resistant,resistant
BY4741,FKS1,HS1,FKS1-HS1,micafungin,4,YLTLSFRDV,not-applicable,not-applicable,not-applicable,1.3161809475959354,0.0830546361889028,0.0830546361889028,intermediary,resistant
BY4741,FKS1,HS1,FKS1-HS1,micafungin,4,YLTLSFSDP,not-applicable,not-applicable,not-applicable,1.4377891456028349,0.062332037394416,0.0623320373944158,resistant,resistant
BY4741,FKS1,HS1,FKS1-HS1,micafungin,4,YLTLSIKDP,not-applicable,not-applicable,not-applicable,1.226581822514776,0.0569036007664616,0.0569036007664616,intermediary,resistant
BY4741,FKS1,HS1,FKS1-HS1,micafungin,4,YLTRSFRDP,not-applicable,not-applicable,not-applicable,1.440294964579832,0.0427629099919835,0.0427629099919835,resistant,resistant
BY4741,FKS1,HS1,FKS1-HS1,micafungin,5,ALALNIKDP,not-applicable,not-applicable,not-applicable,1.399315139408422,0.0617990679606246,0.0617990679606246,resistant,resistant
BY4741,FKS1,HS1,FKS1-HS1,micafungin,5,FLTSSFSSP,not-applicable,not-applicable,not-applicable,1.4219191420162578,0.0607503094682009,0.0607503094682009,resistant,resistant
BY4741,FKS1,HS1,FKS1-HS1,micafungin,5,YLTLAFRDS,not-applicable,not-applicable,not-applicable,1.4047754432847688,0.104800380660665,0.104800380660665,resistant,resistant
BY4741,FKS1,HS1,FKS1-HS1,micafungin,6,YLTRAFRDS,not-applicable,not-applicable,not-applicable,1.4355083846562908,0.1006262485570952,0.1006262485570954,resistant,resistant
BY4741,FKS1,HS1,FKS1-HS1,micafungin,7,AICSDLRED,not-applicable,not-applicable,not-applicable,1.286726091657186,0.0632935753785841,0.0632935753785841,intermediary,resistant
BY4741,FKS1,HS1,FKS1-HS1,micafungin,7,LQIRPLIAP,not-applicable,not-applicable,not-applicable,1.4761298885321223,0.0589302305398442,0.0589302305398442,resistant,resistant
BY4741,FKS1,HS1,FKS1-HS1,micafungin,7,LQVKPMIKP,not-applicable,not-applicable,not-applicable,1.459350248317614,0.0598543085258782,0.0598543085258782,resistant,resistant
BY4741,FKS1,HS1,FKS1-HS1,micafungin,7,VLTLLVTQH,not-applicable,not-applicable,not-applicable,1.2778352802203476,0.0637377957209219,0.0637377957209219,intermediary,resistant
BY4741,FKS1,HS1,FKS1-HS1,none,0,FLVLSLRDP,not-applicable,not-applicable,not-applicable,-0.0016598898467357,0.0041056939268476,0.0041056939268476,WT-like,sensitive
BY4741,FKS1,HS1,FKS1-HS1,none,1,FLILSLRDP,641,I,V,-0.0145123490245527,0.0213015537925558,0.0213015537925558,WT-like,sensitive
BY4741,FKS1,HS1,FKS1-HS1,none,1,FLTLSLRDP,641,T,V,0.0080141393258524,0.0135320680125607,0.0135320680125607,WT-like,sensitive
BY4741,FKS1,HS1,FKS1-HS1,none,2,FLALSFRDP,not-applicable,not-applicable,not-applicable,0.0083333149736346,0.0323042608285957,0.0323042608285957,WT-like,sensitive
BY4741,FKS1,HS1,FKS1-HS1,none,2,FLALSIRDP,not-applicable,not-applicable,not-applicable,0.0265358597980401,0.0189158370347521,0.0189158370347521,WT-like,sensitive
BY4741,FKS1,HS1,FKS1-HS1,none,2,FLSLSFRDP,not-applicable,not-applicable,not-applicable,0.0027355809897799,0.0412406130892857,0.0412406130892856,WT-like,sensitive
BY4741,FKS1,HS1,FKS1-HS1,none,2,FLTLSFRDP,not-applicable,not-applicable,not-applicable,0.0294348023271466,0.0206547533815018,0.0206547533815018,WT-like,sensitive
BY4741,FKS1,HS1,FKS1-HS1,none,2,FLTLSIRDP,not-applicable,not-applicable,not-applicable,0.0151418282709696,0.0010217843247601,0.0010217843247601,WT-like,sensitive
BY4741,FKS1,HS1,FKS1-HS1,none,2,FLTLSLKDP,not-applicable,not-applicable,not-applicable,-0.0194430083157179,0.0166378517746403,0.0166378517746403,WT-like,sensitive
BY4741,FKS1,HS1,FKS1-HS1,none,2,FLTLSLRDA,not-applicable,not-applicable,not-applicable,0.0203799069456744,0.0369051271116716,0.0369051271116716,WT-like,sensitive
BY4741,FKS1,HS1,FKS1-HS1,none,2,FLTLSLVDP,not-applicable,not-applicable,not-applicable,0.0299445543395548,0.0201893195437495,0.0201893195437495,WT-like,sensitive
BY4741,FKS1,HS1,FKS1-HS1,none,2,FLTLSVRDP,not-applicable,not-applicable,not-applicable,0.0210644233552157,7.313952097024595e-06,7.313952097021126e-06,WT-like,sensitive
BY4741,FKS1,HS1,FKS1-HS1,none,2,FMALSLRDP,not-applicable,not-applicable,not-applicable,-0.0071064138955184,0.0221624650303561,0.0221624650303561,WT-like,sensitive
BY4741,FKS1,HS1,FKS1-HS1,none,2,YLILSLRDP,not-applicable,not-applicable,not-applicable,-0.0027486940923579,0.0223035946029996,0.0223035946029996,WT-like,sensitive
BY4741,FKS1,HS1,FKS1-HS1,none,2,YLTLSLRDP,not-applicable,not-applicable,not-applicable,0.053581340900834,0.0323169741736952,0.0323169741736952,WT-like,sensitive
BY4741,FKS1,HS1,FKS1-HS1,none,3,ALTLSFRDP,not-applicable,not-applicable,not-applicable,0.0004223462886161,0.0449229417834731,0.0449229417834731,WT-like,sensitive
BY4741,FKS1,HS1,FKS1-HS1,none,3,FLALSFKDP,not-applicable,not-applicable,not-applicable,-0.0129727340130972,0.0084912352797582,0.0084912352797582,WT-like,sensitive
BY4741,FKS1,HS1,FKS1-HS1,none,3,FLALSFRDA,not-applicable,not-applicable,not-applicable,-0.0002810309942711,0.0215452965598828,0.0215452965598828,WT-like,sensitive
BY4741,FKS1,HS1,FKS1-HS1,none,3,FLIKSLIDP,not-applicable,not-applicable,not-applicable,0.0273941777049714,0.0255875193246814,0.0255875193246814,WT-like,sensitive
BY4741,FKS1,HS1,FKS1-HS1,none,3,FLTHSFRDP,not-applicable,not-applicable,not-applicable,3.520717853430083e-05,0.032477903896288,0.032477903896288,WT-like,sensitive
BY4741,FKS1,HS1,FKS1-HS1,none,3,FLTLSAKDP,not-applicable,not-applicable,not-applicable,-0.005948754289184,0.0082803224694067,0.0082803224694067,WT-like,sensitive
BY4741,FKS1,HS1,FKS1-HS1,none,3,FLTLSFKDP,not-applicable,not-applicable,not-applicable,0.0026421976566291,0.013512714620935,0.013512714620935,WT-like,sensitive
BY4741,FKS1,HS1,FKS1-HS1,none,3,FLTLSFRDT,not-applicable,not-applicable,not-applicable,0.0013481579311627,0.0430974651698406,0.0430974651698406,WT-like,sensitive
BY4741,FKS1,HS1,FKS1-HS1,none,3,FLTLSIKDP,not-applicable,not-applicable,not-applicable,0.0059656698970937,0.0385370519175409,0.0385370519175409,WT-like,sensitive
BY4741,FKS1,HS1,FKS1-HS1,none,3,YLALSFRDP,not-applicable,not-applicable,not-applicable,0.0012919330472592,0.0076858558643979,0.0076858558643979,WT-like,sensitive
BY4741,FKS1,HS1,FKS1-HS1,none,3,YLILSFRDP,not-applicable,not-applicable,not-applicable,0.0234824616096809,0.0466523427808914,0.0466523427808914,WT-like,sensitive
BY4741,FKS1,HS1,FKS1-HS1,none,3,YLILSIRDP,not-applicable,not-applicable,not-applicable,0.0121366695301493,0.0262935198215997,0.0262935198215996,WT-like,sensitive
BY4741,FKS1,HS1,FKS1-HS1,none,3,YLTLSFRDP,not-applicable,not-applicable,not-applicable,-0.0246273854192188,0.0286445377918758,0.0286445377918758,WT-like,sensitive
BY4741,FKS1,HS1,FKS1-HS1,none,3,YLTLSIRDP,not-applicable,not-applicable,not-applicable,0.0400609666952952,0.0349968892984037,0.0349968892984037,WT-like,sensitive
BY4741,FKS1,HS1,FKS1-HS1,none,4,FLALNLSDS,not-applicable,not-applicable,not-applicable,0.0260764093810782,0.0314224452211992,0.0314224452211992,WT-like,sensitive
BY4741,FKS1,HS1,FKS1-HS1,none,4,FLTLNLADS,not-applicable,not-applicable,not-applicable,0.0303185103739456,0.0574728795655028,0.0574728795655028,WT-like,sensitive
BY4741,FKS1,HS1,FKS1-HS1,none,4,FLTLNLSDS,not-applicable,not-applicable,not-applicable,-0.0043398243756785,0.0436415608997562,0.0436415608997562,WT-like,sensitive
BY4741,FKS1,HS1,FKS1-HS1,none,4,FLTLSFENP,not-applicable,not-applicable,not-applicable,0.0158560440872264,0.0142899488131606,0.0142899488131606,WT-like,sensitive
BY4741,FKS1,HS1,FKS1-HS1,none,4,SLTLSFRDV,not-applicable,not-applicable,not-applicable,-0.0099590752585718,0.0646088523529339,0.0646088523529339,WT-like,sensitive
BY4741,FKS1,HS1,FKS1-HS1,none,4,YLALSFKDP,not-applicable,not-applicable,not-applicable,0.0060357359607531,0.0358064287881106,0.0358064287881106,WT-like,sensitive
BY4741,FKS1,HS1,FKS1-HS1,none,4,YLTLSFKDP,not-applicable,not-applicable,not-applicable,-0.0255845342452009,0.008227729802162,0.008227729802162,WT-like,sensitive
BY4741,FKS1,HS1,FKS1-HS1,none,4,YLTLSFRDA,not-applicable,not-applicable,not-applicable,0.0049773305532313,0.0057321334378331,0.0057321334378331,WT-like,sensitive
BY4741,FKS1,HS1,FKS1-HS1,none,4,YLTLSFRDV,not-applicable,not-applicable,not-applicable,-0.0269111373868755,0.0368298425408373,0.0368298425408373,WT-like,sensitive
BY4741,FKS1,HS1,FKS1-HS1,none,4,YLTLSFSDP,not-applicable,not-applicable,not-applicable,0.016387581071376,0.0175749668896553,0.0175749668896553,WT-like,sensitive
BY4741,FKS1,HS1,FKS1-HS1,none,4,YLTLSIKDP,not-applicable,not-applicable,not-applicable,0.0158495090876213,0.029747928915784,0.029747928915784,WT-like,sensitive
BY4741,FKS1,HS1,FKS1-HS1,none,4,YLTRSFRDP,not-applicable,not-applicable,not-applicable,-0.0076518937314188,0.0045839256517169,0.0045839256517169,WT-like,sensitive
BY4741,FKS1,HS1,FKS1-HS1,none,5,ALALNIKDP,not-applicable,not-applicable,not-applicable,0.0189183055495282,0.0063933834127699,0.0063933834127699,WT-like,sensitive
BY4741,FKS1,HS1,FKS1-HS1,none,5,FLTSSFSSP,not-applicable,not-applicable,not-applicable,-0.0374851790148188,0.0180841482360161,0.0180841482360161,WT-like,sensitive
BY4741,FKS1,HS1,FKS1-HS1,none,5,YLTLAFRDS,not-applicable,not-applicable,not-applicable,0.0127425390135243,0.0567101162319998,0.0567101162319998,WT-like,sensitive
BY4741,FKS1,HS1,FKS1-HS1,none,6,YLTRAFRDS,not-applicable,not-applicable,not-applicable,0.0065589640843891,0.0399689601224342,0.0399689601224342,WT-like,sensitive
BY4741,FKS1,HS1,FKS1-HS1,none,7,AICSDLRED,not-applicable,not-applicable,not-applicable,-0.1294739899755343,0.0502289079635108,0.0502289079635108,slightly deleterious,sensitive
BY4741,FKS1,HS1,FKS1-HS1,none,7,LQIRPLIAP,not-applicable,not-applicable,not-applicable,0.0417897778319964,0.0050182288670115,0.0050182288670115,WT-like,sensitive
BY4741,FKS1,HS1,FKS1-HS1,none,7,LQVKPMIKP,not-applicable,not-applicable,not-applicable,0.0273329686608729,0.0142173531750116,0.0142173531750116,WT-like,sensitive
BY4741,FKS1,HS1,FKS1-HS1,none,7,VLTLLVTQH,not-applicable,not-applicable,not-applicable,-0.1583193306390924,0.058661740448836,0.058661740448836,slightly deleterious,sensitive
