Replicate,Sample attributes,Nham_aa,aa_seq,aa_pos,alt_aa,wt_aa,Compared timepoints,s
2,BY4741__FKS1__HS3__FKS1-HS3__none,0,LDTYLWYIIVN,not-applicable,not-applicable,not-applicable,T2,0.0282144471955288
2,BY4741__FKS1__HS3__FKS1-HS3__none,1,*DTYLWYIIVN,690,*,L,T2,-0.1698101109181544
2,BY4741__FKS1__HS3__FKS1-HS3__none,1,ADTYLWYIIVN,690,A,L,T2,0.07292066125569494
2,BY4741__FKS1__HS3__FKS1-HS3__none,1,CDTYLWYIIVN,690,C,L,T2,-0.0007221998529535652
2,BY4741__FKS1__HS3__FKS1-HS3__none,1,EDTYLWYIIVN,690,E,L,T2,0.016856252070507012
2,BY4741__FKS1__HS3__FKS1-HS3__none,1,FDTYLWYIIVN,690,F,L,T2,-0.007001951436011124
2,BY4741__FKS1__HS3__FKS1-HS3__none,1,HDTYLWYIIVN,690,H,L,T2,0.00573561741285286
2,BY4741__FKS1__HS3__FKS1-HS3__none,1,IDTYLWYIIVN,690,I,L,T2,-0.005596850941592001
2,BY4741__FKS1__HS3__FKS1-HS3__none,1,L*TYLWYIIVN,691,*,D,T2,-0.19708479783311633
2,BY4741__FKS1__HS3__FKS1-HS3__none,1,LATYLWYIIVN,691,A,D,T2,-0.3195659299586412
2,BY4741__FKS1__HS3__FKS1-HS3__none,1,LCTYLWYIIVN,691,C,D,T2,-0.012219219597507453
2,BY4741__FKS1__HS3__FKS1-HS3__none,1,LD*YLWYIIVN,692,*,T,T2,-0.18370865568903774
2,BY4741__FKS1__HS3__FKS1-HS3__none,1,LDCYLWYIIVN,692,C,T,T2,-0.31952955784013043
2,BY4741__FKS1__HS3__FKS1-HS3__none,1,LDEYLWYIIVN,692,E,T,T2,-0.04092186502393842
2,BY4741__FKS1__HS3__FKS1-HS3__none,1,LDFYLWYIIVN,692,F,T,T2,-0.021622575215455728
2,BY4741__FKS1__HS3__FKS1-HS3__none,1,LDGYLWYIIVN,692,G,T,T2,-0.005686486421317118
2,BY4741__FKS1__HS3__FKS1-HS3__none,1,LDHYLWYIIVN,692,H,T,T2,-0.1296572282305727
2,BY4741__FKS1__HS3__FKS1-HS3__none,1,LDIYLWYIIVN,692,I,T,T2,-0.3792253583792975
2,BY4741__FKS1__HS3__FKS1-HS3__none,1,LDKYLWYIIVN,692,K,T,T2,0.0385183243073622
2,BY4741__FKS1__HS3__FKS1-HS3__none,1,LDLYLWYIIVN,692,L,T,T2,-0.3774701275415015
2,BY4741__FKS1__HS3__FKS1-HS3__none,1,LDMYLWYIIVN,692,M,T,T2,0.006547574595247253
2,BY4741__FKS1__HS3__FKS1-HS3__none,1,LDQYLWYIIVN,692,Q,T,T2,-0.020281782055379283
2,BY4741__FKS1__HS3__FKS1-HS3__none,1,LDRYLWYIIVN,692,R,T,T2,-0.41348411626064574
2,BY4741__FKS1__HS3__FKS1-HS3__none,1,LDSYLWYIIVN,692,S,T,T2,0.04826932143646283
2,BY4741__FKS1__HS3__FKS1-HS3__none,1,LDTALWYIIVN,693,A,Y,T2,0.034112731280655374
2,BY4741__FKS1__HS3__FKS1-HS3__none,1,LDTCLWYIIVN,693,C,Y,T2,-0.016072985734834427
2,BY4741__FKS1__HS3__FKS1-HS3__none,1,LDTDLWYIIVN,693,D,Y,T2,-0.016244187283358115
2,BY4741__FKS1__HS3__FKS1-HS3__none,1,LDTGLWYIIVN,693,G,Y,T2,0.011694452029086866
2,BY4741__FKS1__HS3__FKS1-HS3__none,1,LDTHLWYIIVN,693,H,Y,T2,-0.043168184200649565
2,BY4741__FKS1__HS3__FKS1-HS3__none,1,LDTILWYIIVN,693,I,Y,T2,-0.054480338826819956
2,BY4741__FKS1__HS3__FKS1-HS3__none,1,LDTKLWYIIVN,693,K,Y,T2,-0.08044184639840657
2,BY4741__FKS1__HS3__FKS1-HS3__none,1,LDTLLWYIIVN,693,L,Y,T2,0.011045241171524191
2,BY4741__FKS1__HS3__FKS1-HS3__none,1,LDTMLWYIIVN,693,M,Y,T2,0.027230051517135125
2,BY4741__FKS1__HS3__FKS1-HS3__none,1,LDTNLWYIIVN,693,N,Y,T2,-0.6695542955766812
2,BY4741__FKS1__HS3__FKS1-HS3__none,1,LDTPLWYIIVN,693,P,Y,T2,0.011944324940522619
2,BY4741__FKS1__HS3__FKS1-HS3__none,1,LDTQLWYIIVN,693,Q,Y,T2,0.02495306657914087
2,BY4741__FKS1__HS3__FKS1-HS3__none,1,LDTRLWYIIVN,693,R,Y,T2,0.017420694409010798
2,BY4741__FKS1__HS3__FKS1-HS3__none,1,LDTSLWYIIVN,693,S,Y,T2,0.024996074600948645
2,BY4741__FKS1__HS3__FKS1-HS3__none,1,LDTTLWYIIVN,693,T,Y,T2,-0.534430707168135
2,BY4741__FKS1__HS3__FKS1-HS3__none,1,LDTVLWYIIVN,693,V,Y,T2,-0.022055148996930587
2,BY4741__FKS1__HS3__FKS1-HS3__none,1,LDTY*WYIIVN,694,*,L,T2,-0.28350942624741304
2,BY4741__FKS1__HS3__FKS1-HS3__none,1,LDTYAWYIIVN,694,A,L,T2,0.00645377641633873
2,BY4741__FKS1__HS3__FKS1-HS3__none,1,LDTYCWYIIVN,694,C,L,T2,-0.030461238516235653
2,BY4741__FKS1__HS3__FKS1-HS3__none,1,LDTYDWYIIVN,694,D,L,T2,-0.029318629023518693
2,BY4741__FKS1__HS3__FKS1-HS3__none,1,LDTYEWYIIVN,694,E,L,T2,0.014011620784342987
2,BY4741__FKS1__HS3__FKS1-HS3__none,1,LDTYFWYIIVN,694,F,L,T2,0.025066440298721064
2,BY4741__FKS1__HS3__FKS1-HS3__none,1,LDTYHWYIIVN,694,H,L,T2,0.014561308217146775
2,BY4741__FKS1__HS3__FKS1-HS3__none,1,LDTYIWYIIVN,694,I,L,T2,0.008679132614091895
2,BY4741__FKS1__HS3__FKS1-HS3__none,1,LDTYLAYIIVN,695,A,W,T2,-0.0337099854241823
2,BY4741__FKS1__HS3__FKS1-HS3__none,1,LDTYLCYIIVN,695,C,W,T2,-0.01811630574287898
2,BY4741__FKS1__HS3__FKS1-HS3__none,1,LDTYLEYIIVN,695,E,W,T2,-0.8825246193089108
2,BY4741__FKS1__HS3__FKS1-HS3__none,1,LDTYLFYIIVN,695,F,W,T2,-0.20320869429445934
2,BY4741__FKS1__HS3__FKS1-HS3__none,1,LDTYLGYIIVN,695,G,W,T2,-0.011449654781267245
2,BY4741__FKS1__HS3__FKS1-HS3__none,1,LDTYLHYIIVN,695,H,W,T2,-0.06720535255618312
2,BY4741__FKS1__HS3__FKS1-HS3__none,1,LDTYLKYIIVN,695,K,W,T2,-0.784506376691046
2,BY4741__FKS1__HS3__FKS1-HS3__none,1,LDTYLLYIIVN,695,L,W,T2,-0.19319064337122577
2,BY4741__FKS1__HS3__FKS1-HS3__none,1,LDTYLMYIIVN,695,M,W,T2,-0.20127587170315187
2,BY4741__FKS1__HS3__FKS1-HS3__none,1,LDTYLPYIIVN,695,P,W,T2,-0.010154590725874445
2,BY4741__FKS1__HS3__FKS1-HS3__none,1,LDTYLQYIIVN,695,Q,W,T2,-0.39588971832851844
2,BY4741__FKS1__HS3__FKS1-HS3__none,1,LDTYLRYIIVN,695,R,W,T2,-0.0889378212317409
2,BY4741__FKS1__HS3__FKS1-HS3__none,1,LDTYLSYIIVN,695,S,W,T2,0.04310219969756277
2,BY4741__FKS1__HS3__FKS1-HS3__none,1,LDTYLTYIIVN,695,T,W,T2,-0.0629675591968282
2,BY4741__FKS1__HS3__FKS1-HS3__none,1,LDTYLVYIIVN,695,V,W,T2,-0.07404610105902713
2,BY4741__FKS1__HS3__FKS1-HS3__none,1,LDTYLW*IIVN,696,*,Y,T2,-0.31603296216256566
2,BY4741__FKS1__HS3__FKS1-HS3__none,1,LDTYLWAIIVN,696,A,Y,T2,0.05580473815046711
2,BY4741__FKS1__HS3__FKS1-HS3__none,1,LDTYLWDIIVN,696,D,Y,T2,-0.008728614490666694
2,BY4741__FKS1__HS3__FKS1-HS3__none,1,LDTYLWEIIVN,696,E,Y,T2,0.011170299266557193
2,BY4741__FKS1__HS3__FKS1-HS3__none,1,LDTYLWFIIVN,696,F,Y,T2,0.000678431988774202
2,BY4741__FKS1__HS3__FKS1-HS3__none,1,LDTYLWGIIVN,696,G,Y,T2,0.052127103439652336
2,BY4741__FKS1__HS3__FKS1-HS3__none,1,LDTYLWHIIVN,696,H,Y,T2,0.0489284152456801
2,BY4741__FKS1__HS3__FKS1-HS3__none,1,LDTYLWIIIVN,696,I,Y,T2,-0.4905036149551635
2,BY4741__FKS1__HS3__FKS1-HS3__none,1,LDTYLWKIIVN,696,K,Y,T2,-0.01697936299591017
2,BY4741__FKS1__HS3__FKS1-HS3__none,1,LDTYLWLIIVN,696,L,Y,T2,0.05027906835822488
2,BY4741__FKS1__HS3__FKS1-HS3__none,1,LDTYLWMIIVN,696,M,Y,T2,0.01033986952813453
2,BY4741__FKS1__HS3__FKS1-HS3__none,1,LDTYLWNIIVN,696,N,Y,T2,0.019465742559662574
2,BY4741__FKS1__HS3__FKS1-HS3__none,1,LDTYLWPIIVN,696,P,Y,T2,-0.2488263591801899
2,BY4741__FKS1__HS3__FKS1-HS3__none,1,LDTYLWQIIVN,696,Q,Y,T2,-0.6695542955766812
2,BY4741__FKS1__HS3__FKS1-HS3__none,1,LDTYLWRIIVN,696,R,Y,T2,-0.03478605429567325
2,BY4741__FKS1__HS3__FKS1-HS3__none,1,LDTYLWSIIVN,696,S,Y,T2,0.030525664570887807
2,BY4741__FKS1__HS3__FKS1-HS3__none,1,LDTYLWTIIVN,696,T,Y,T2,0.049146663237906826
2,BY4741__FKS1__HS3__FKS1-HS3__none,1,LDTYLWVIIVN,696,V,Y,T2,-0.1284808760749079
2,BY4741__FKS1__HS3__FKS1-HS3__none,1,LDTYLWWIIVN,696,W,Y,T2,0.05311046121055213
2,BY4741__FKS1__HS3__FKS1-HS3__none,1,LDTYLWYAIVN,697,A,I,T2,0.07389387825508408
2,BY4741__FKS1__HS3__FKS1-HS3__none,1,LDTYLWYCIVN,697,C,I,T2,0.04514760341773397
2,BY4741__FKS1__HS3__FKS1-HS3__none,1,LDTYLWYDIVN,697,D,I,T2,-0.01973118736074285
2,BY4741__FKS1__HS3__FKS1-HS3__none,1,LDTYLWYEIVN,697,E,I,T2,0.0531100705136488
2,BY4741__FKS1__HS3__FKS1-HS3__none,1,LDTYLWYFIVN,697,F,I,T2,-0.009215449763773139
2,BY4741__FKS1__HS3__FKS1-HS3__none,1,LDTYLWYGIVN,697,G,I,T2,0.018055381443738305
2,BY4741__FKS1__HS3__FKS1-HS3__none,1,LDTYLWYHIVN,697,H,I,T2,-0.2860968817870631
2,BY4741__FKS1__HS3__FKS1-HS3__none,1,LDTYLWYI*VN,698,*,I,T2,-0.2702537077568091
2,BY4741__FKS1__HS3__FKS1-HS3__none,1,LDTYLWYIAVN,698,A,I,T2,0.044297572085078646
2,BY4741__FKS1__HS3__FKS1-HS3__none,1,LDTYLWYICVN,698,C,I,T2,0.010404323414405142
2,BY4741__FKS1__HS3__FKS1-HS3__none,1,LDTYLWYIEVN,698,E,I,T2,0.0020645526862006474
2,BY4741__FKS1__HS3__FKS1-HS3__none,1,LDTYLWYIHVN,698,H,I,T2,-0.009715967271884896
2,BY4741__FKS1__HS3__FKS1-HS3__none,1,LDTYLWYII*N,699,*,V,T2,-0.1924776761965684
2,BY4741__FKS1__HS3__FKS1-HS3__none,1,LDTYLWYIIAN,699,A,V,T2,0.03203435692829447
2,BY4741__FKS1__HS3__FKS1-HS3__none,1,LDTYLWYIICN,699,C,V,T2,0.02327472139514642
2,BY4741__FKS1__HS3__FKS1-HS3__none,1,LDTYLWYIIEN,699,E,V,T2,0.03703727597618395
2,BY4741__FKS1__HS3__FKS1-HS3__none,1,LDTYLWYIIFN,699,F,V,T2,0.017905888632125264
2,BY4741__FKS1__HS3__FKS1-HS3__none,1,LDTYLWYIIGN,699,G,V,T2,0.0023727786249644923
2,BY4741__FKS1__HS3__FKS1-HS3__none,1,LDTYLWYIIHN,699,H,V,T2,-0.1773345649668639
2,BY4741__FKS1__HS3__FKS1-HS3__none,1,LDTYLWYIIIN,699,I,V,T2,0.056153562975018834
2,BY4741__FKS1__HS3__FKS1-HS3__none,1,LDTYLWYIILN,699,L,V,T2,-0.049829595317040634
2,BY4741__FKS1__HS3__FKS1-HS3__none,1,LDTYLWYIINN,699,N,V,T2,0.04509649165595134
2,BY4741__FKS1__HS3__FKS1-HS3__none,1,LDTYLWYIIPN,699,P,V,T2,-0.11997146462521009
2,BY4741__FKS1__HS3__FKS1-HS3__none,1,LDTYLWYIIQN,699,Q,V,T2,-0.007053524997573347
2,BY4741__FKS1__HS3__FKS1-HS3__none,1,LDTYLWYIIRN,699,R,V,T2,-0.07998895446067686
2,BY4741__FKS1__HS3__FKS1-HS3__none,1,LDTYLWYIISN,699,S,V,T2,0.039246112096831945
2,BY4741__FKS1__HS3__FKS1-HS3__none,1,LDTYLWYIITN,699,T,V,T2,0.015818775867110953
2,BY4741__FKS1__HS3__FKS1-HS3__none,1,LDTYLWYIIVA,700,A,N,T2,0.04959433128448249
2,BY4741__FKS1__HS3__FKS1-HS3__none,1,LDTYLWYIIVD,700,D,N,T2,0.027272457064473746
2,BY4741__FKS1__HS3__FKS1-HS3__none,1,LDTYLWYIIVE,700,E,N,T2,0.15470437935824577
2,BY4741__FKS1__HS3__FKS1-HS3__none,1,LDTYLWYIIVF,700,F,N,T2,0.06578815079341106
2,BY4741__FKS1__HS3__FKS1-HS3__none,1,LDTYLWYIIVG,700,G,N,T2,-0.12979202345774615
2,BY4741__FKS1__HS3__FKS1-HS3__none,1,LDTYLWYIIVK,700,K,N,T2,0.03891188392139972
2,BY4741__FKS1__HS3__FKS1-HS3__none,1,LDTYLWYIIVL,700,L,N,T2,0.09013770343887392
2,BY4741__FKS1__HS3__FKS1-HS3__none,1,LDTYLWYIIVM,700,M,N,T2,0.014280949771055393
2,BY4741__FKS1__HS3__FKS1-HS3__none,1,LDTYLWYIIVP,700,P,N,T2,-0.19065799626241672
2,BY4741__FKS1__HS3__FKS1-HS3__none,1,LDTYLWYIIVQ,700,Q,N,T2,0.03382184452241219
2,BY4741__FKS1__HS3__FKS1-HS3__none,1,LDTYLWYIIVR,700,R,N,T2,-0.3078383014787111
2,BY4741__FKS1__HS3__FKS1-HS3__none,1,LDTYLWYIIVS,700,S,N,T2,0.025950340104962243
2,BY4741__FKS1__HS3__FKS1-HS3__none,1,LDTYLWYIIVT,700,T,N,T2,0.04256034473767091
2,BY4741__FKS1__HS3__FKS1-HS3__none,1,LDTYLWYIIVV,700,V,N,T2,0.011485789021582274
2,BY4741__FKS1__HS3__FKS1-HS3__none,1,LDTYLWYIIVW,700,W,N,T2,0.024265066000344157
2,BY4741__FKS1__HS3__FKS1-HS3__none,1,LDTYLWYIIVY,700,Y,N,T2,0.05043926954647943
2,BY4741__FKS1__HS3__FKS1-HS3__none,1,LDTYLWYIIWN,699,W,V,T2,0.05476177043146586
2,BY4741__FKS1__HS3__FKS1-HS3__none,1,LDTYLWYIIYN,699,Y,V,T2,0.03043625120830981
2,BY4741__FKS1__HS3__FKS1-HS3__none,1,LDTYLWYILVN,698,L,I,T2,0.031936758979812394
2,BY4741__FKS1__HS3__FKS1-HS3__none,1,LDTYLWYINVN,698,N,I,T2,0.04245837564961396
2,BY4741__FKS1__HS3__FKS1-HS3__none,1,LDTYLWYIPVN,698,P,I,T2,-0.4153642863461543
2,BY4741__FKS1__HS3__FKS1-HS3__none,1,LDTYLWYIRVN,698,R,I,T2,-0.15516346114277332
2,BY4741__FKS1__HS3__FKS1-HS3__none,1,LDTYLWYISVN,698,S,I,T2,0.014582327960352554
2,BY4741__FKS1__HS3__FKS1-HS3__none,1,LDTYLWYITVN,698,T,I,T2,0.057710399161670964
2,BY4741__FKS1__HS3__FKS1-HS3__none,1,LDTYLWYIVVN,698,V,I,T2,0.03878389772817763
2,BY4741__FKS1__HS3__FKS1-HS3__none,1,LDTYLWYIYVN,698,Y,I,T2,0.031489399296745
2,BY4741__FKS1__HS3__FKS1-HS3__none,1,LDTYLWYLIVN,697,L,I,T2,-0.19275495388484404
2,BY4741__FKS1__HS3__FKS1-HS3__none,1,LDTYLWYNIVN,697,N,I,T2,0.08975885208147136
2,BY4741__FKS1__HS3__FKS1-HS3__none,1,LDTYLWYPIVN,697,P,I,T2,-0.19143445636415327
2,BY4741__FKS1__HS3__FKS1-HS3__none,1,LDTYLWYQIVN,697,Q,I,T2,0.030598383507455577
2,BY4741__FKS1__HS3__FKS1-HS3__none,1,LDTYLWYRIVN,697,R,I,T2,-0.027849238406388435
2,BY4741__FKS1__HS3__FKS1-HS3__none,1,LDTYLWYSIVN,697,S,I,T2,0.05520797246269816
2,BY4741__FKS1__HS3__FKS1-HS3__none,1,LDTYLWYTIVN,697,T,I,T2,0.04321958169232471
2,BY4741__FKS1__HS3__FKS1-HS3__none,1,LDTYLWYVIVN,697,V,I,T2,0.03536315042718931
2,BY4741__FKS1__HS3__FKS1-HS3__none,1,LDTYLWYWIVN,697,W,I,T2,0.0047974634985721125
2,BY4741__FKS1__HS3__FKS1-HS3__none,1,LDTYLWYYIVN,697,Y,I,T2,-0.020434237543656628
2,BY4741__FKS1__HS3__FKS1-HS3__none,1,LDTYLYYIIVN,695,Y,W,T2,-0.004064657849827705
2,BY4741__FKS1__HS3__FKS1-HS3__none,1,LDTYMWYIIVN,694,M,L,T2,0.09559996237625025
2,BY4741__FKS1__HS3__FKS1-HS3__none,1,LDTYNWYIIVN,694,N,L,T2,-0.031771309212852976
2,BY4741__FKS1__HS3__FKS1-HS3__none,1,LDTYQWYIIVN,694,Q,L,T2,0.012498775860967017
2,BY4741__FKS1__HS3__FKS1-HS3__none,1,LDTYRWYIIVN,694,R,L,T2,-0.1930656547826194
2,BY4741__FKS1__HS3__FKS1-HS3__none,1,LDTYSWYIIVN,694,S,L,T2,0.0006913175258033122
2,BY4741__FKS1__HS3__FKS1-HS3__none,1,LDTYTWYIIVN,694,T,L,T2,0.010656164098944623
2,BY4741__FKS1__HS3__FKS1-HS3__none,1,LDTYVWYIIVN,694,V,L,T2,0.03312583366586948
2,BY4741__FKS1__HS3__FKS1-HS3__none,1,LDTYWWYIIVN,694,W,L,T2,0.01752475058544097
2,BY4741__FKS1__HS3__FKS1-HS3__none,1,LDTYYWYIIVN,694,Y,L,T2,-0.14490124451372383
2,BY4741__FKS1__HS3__FKS1-HS3__none,1,LDVYLWYIIVN,692,V,T,T2,-0.07278134753837659
2,BY4741__FKS1__HS3__FKS1-HS3__none,1,LDYYLWYIIVN,692,Y,T,T2,-0.059418265099558255
2,BY4741__FKS1__HS3__FKS1-HS3__none,1,LETYLWYIIVN,691,E,D,T2,-0.0008442096278775488
2,BY4741__FKS1__HS3__FKS1-HS3__none,1,LFTYLWYIIVN,691,F,D,T2,-0.18568322379478341
2,BY4741__FKS1__HS3__FKS1-HS3__none,1,LGTYLWYIIVN,691,G,D,T2,-0.9919204897690076
2,BY4741__FKS1__HS3__FKS1-HS3__none,1,LITYLWYIIVN,691,I,D,T2,-0.013391746398723378
2,BY4741__FKS1__HS3__FKS1-HS3__none,1,LKTYLWYIIVN,691,K,D,T2,-0.6946774892829103
2,BY4741__FKS1__HS3__FKS1-HS3__none,1,LLTYLWYIIVN,691,L,D,T2,-0.003386236305366265
2,BY4741__FKS1__HS3__FKS1-HS3__none,1,LMTYLWYIIVN,691,M,D,T2,0.03325550360184984
2,BY4741__FKS1__HS3__FKS1-HS3__none,1,LNTYLWYIIVN,691,N,D,T2,0.02355704565335054
2,BY4741__FKS1__HS3__FKS1-HS3__none,1,LPTYLWYIIVN,691,P,D,T2,-0.5379909814221302
2,BY4741__FKS1__HS3__FKS1-HS3__none,1,LQTYLWYIIVN,691,Q,D,T2,-0.0480731641895868
2,BY4741__FKS1__HS3__FKS1-HS3__none,1,LRTYLWYIIVN,691,R,D,T2,-0.6448938021685386
2,BY4741__FKS1__HS3__FKS1-HS3__none,1,LSTYLWYIIVN,691,S,D,T2,-0.5356766284608407
2,BY4741__FKS1__HS3__FKS1-HS3__none,1,LTTYLWYIIVN,691,T,D,T2,-0.025097256477315602
2,BY4741__FKS1__HS3__FKS1-HS3__none,1,LVTYLWYIIVN,691,V,D,T2,-0.13234499831329147
2,BY4741__FKS1__HS3__FKS1-HS3__none,1,LWTYLWYIIVN,691,W,D,T2,-0.32436524344475953
2,BY4741__FKS1__HS3__FKS1-HS3__none,1,LYTYLWYIIVN,691,Y,D,T2,-0.26779356480035327
2,BY4741__FKS1__HS3__FKS1-HS3__none,1,MDTYLWYIIVN,690,M,L,T2,0.009760511764854415
2,BY4741__FKS1__HS3__FKS1-HS3__none,1,NDTYLWYIIVN,690,N,L,T2,-0.0859812010911222
2,BY4741__FKS1__HS3__FKS1-HS3__none,1,PDTYLWYIIVN,690,P,L,T2,0.0265364800649335
2,BY4741__FKS1__HS3__FKS1-HS3__none,1,SDTYLWYIIVN,690,S,L,T2,0.008383795907491963
2,BY4741__FKS1__HS3__FKS1-HS3__none,1,TDTYLWYIIVN,690,T,L,T2,0.008941120333545454
2,BY4741__FKS1__HS3__FKS1-HS3__none,1,VDTYLWYIIVN,690,V,L,T2,0.02313810749268886
2,BY4741__FKS1__HS3__FKS1-HS3__none,1,YDTYLWYIIVN,690,Y,L,T2,-0.16608582975853292
3,BY4741__FKS1__HS3__FKS1-HS3__none,0,LDTYLWYIIVN,not-applicable,not-applicable,not-applicable,T2,0.017555334159547655
3,BY4741__FKS1__HS3__FKS1-HS3__none,1,*DTYLWYIIVN,690,*,L,T2,-0.27235408921258675
3,BY4741__FKS1__HS3__FKS1-HS3__none,1,ADTYLWYIIVN,690,A,L,T2,0.02721823451507907
3,BY4741__FKS1__HS3__FKS1-HS3__none,1,CDTYLWYIIVN,690,C,L,T2,-0.02209268248470133
3,BY4741__FKS1__HS3__FKS1-HS3__none,1,EDTYLWYIIVN,690,E,L,T2,0.03135682165475509
3,BY4741__FKS1__HS3__FKS1-HS3__none,1,FDTYLWYIIVN,690,F,L,T2,-0.026811693299359535
3,BY4741__FKS1__HS3__FKS1-HS3__none,1,HDTYLWYIIVN,690,H,L,T2,-0.006306136844085838
3,BY4741__FKS1__HS3__FKS1-HS3__none,1,IDTYLWYIIVN,690,I,L,T2,0.005093087158061886
3,BY4741__FKS1__HS3__FKS1-HS3__none,1,L*TYLWYIIVN,691,*,D,T2,-0.3769409275849161
3,BY4741__FKS1__HS3__FKS1-HS3__none,1,LATYLWYIIVN,691,A,D,T2,-0.2681959231320734
3,BY4741__FKS1__HS3__FKS1-HS3__none,1,LCTYLWYIIVN,691,C,D,T2,-0.025063178410213743
3,BY4741__FKS1__HS3__FKS1-HS3__none,1,LD*YLWYIIVN,692,*,T,T2,-0.26285984436471105
3,BY4741__FKS1__HS3__FKS1-HS3__none,1,LDCYLWYIIVN,692,C,T,T2,-0.34023031989497377
3,BY4741__FKS1__HS3__FKS1-HS3__none,1,LDEYLWYIIVN,692,E,T,T2,-0.010507265080385759
3,BY4741__FKS1__HS3__FKS1-HS3__none,1,LDFYLWYIIVN,692,F,T,T2,-0.0683199334069906
3,BY4741__FKS1__HS3__FKS1-HS3__none,1,LDGYLWYIIVN,692,G,T,T2,0.0005006091088395545
3,BY4741__FKS1__HS3__FKS1-HS3__none,1,LDHYLWYIIVN,692,H,T,T2,-0.11034678969397871
3,BY4741__FKS1__HS3__FKS1-HS3__none,1,LDIYLWYIIVN,692,I,T,T2,-0.32044845012967266
3,BY4741__FKS1__HS3__FKS1-HS3__none,1,LDKYLWYIIVN,692,K,T,T2,-0.059241542932887824
3,BY4741__FKS1__HS3__FKS1-HS3__none,1,LDLYLWYIIVN,692,L,T,T2,-0.463403636855304
3,BY4741__FKS1__HS3__FKS1-HS3__none,1,LDMYLWYIIVN,692,M,T,T2,0.015444325220889158
3,BY4741__FKS1__HS3__FKS1-HS3__none,1,LDQYLWYIIVN,692,Q,T,T2,0.035123851948019355
3,BY4741__FKS1__HS3__FKS1-HS3__none,1,LDRYLWYIIVN,692,R,T,T2,-0.4157646428391667
3,BY4741__FKS1__HS3__FKS1-HS3__none,1,LDSYLWYIIVN,692,S,T,T2,0.03171529195612445
3,BY4741__FKS1__HS3__FKS1-HS3__none,1,LDTALWYIIVN,693,A,Y,T2,-0.009111354579966643
3,BY4741__FKS1__HS3__FKS1-HS3__none,1,LDTCLWYIIVN,693,C,Y,T2,0.01583752222739588
3,BY4741__FKS1__HS3__FKS1-HS3__none,1,LDTDLWYIIVN,693,D,Y,T2,-0.04967708940957199
3,BY4741__FKS1__HS3__FKS1-HS3__none,1,LDTGLWYIIVN,693,G,Y,T2,0.016538022303656003
3,BY4741__FKS1__HS3__FKS1-HS3__none,1,LDTHLWYIIVN,693,H,Y,T2,0.02657411415153943
3,BY4741__FKS1__HS3__FKS1-HS3__none,1,LDTILWYIIVN,693,I,Y,T2,-0.06064906410404746
3,BY4741__FKS1__HS3__FKS1-HS3__none,1,LDTKLWYIIVN,693,K,Y,T2,-0.031533610048760416
3,BY4741__FKS1__HS3__FKS1-HS3__none,1,LDTLLWYIIVN,693,L,Y,T2,-0.007653293833590746
3,BY4741__FKS1__HS3__FKS1-HS3__none,1,LDTMLWYIIVN,693,M,Y,T2,0.03686991771513436
3,BY4741__FKS1__HS3__FKS1-HS3__none,1,LDTNLWYIIVN,693,N,Y,T2,-0.11673805535875251
3,BY4741__FKS1__HS3__FKS1-HS3__none,1,LDTPLWYIIVN,693,P,Y,T2,0.03519902921682348
3,BY4741__FKS1__HS3__FKS1-HS3__none,1,LDTQLWYIIVN,693,Q,Y,T2,-0.032154968538972144
3,BY4741__FKS1__HS3__FKS1-HS3__none,1,LDTRLWYIIVN,693,R,Y,T2,-0.0009150814564299762
3,BY4741__FKS1__HS3__FKS1-HS3__none,1,LDTSLWYIIVN,693,S,Y,T2,0.03177561570927492
3,BY4741__FKS1__HS3__FKS1-HS3__none,1,LDTTLWYIIVN,693,T,Y,T2,-0.4840224394657494
3,BY4741__FKS1__HS3__FKS1-HS3__none,1,LDTVLWYIIVN,693,V,Y,T2,0.011121990981421907
3,BY4741__FKS1__HS3__FKS1-HS3__none,1,LDTY*WYIIVN,694,*,L,T2,-0.222642824518715
3,BY4741__FKS1__HS3__FKS1-HS3__none,1,LDTYAWYIIVN,694,A,L,T2,0.012039145551102567
3,BY4741__FKS1__HS3__FKS1-HS3__none,1,LDTYCWYIIVN,694,C,L,T2,-0.0521291200895289
3,BY4741__FKS1__HS3__FKS1-HS3__none,1,LDTYDWYIIVN,694,D,L,T2,-0.08550744656797445
3,BY4741__FKS1__HS3__FKS1-HS3__none,1,LDTYEWYIIVN,694,E,L,T2,-0.00982322686331363
3,BY4741__FKS1__HS3__FKS1-HS3__none,1,LDTYFWYIIVN,694,F,L,T2,0.07087549325962866
3,BY4741__FKS1__HS3__FKS1-HS3__none,1,LDTYHWYIIVN,694,H,L,T2,0.027926677999082612
3,BY4741__FKS1__HS3__FKS1-HS3__none,1,LDTYIWYIIVN,694,I,L,T2,0.06434201598712473
3,BY4741__FKS1__HS3__FKS1-HS3__none,1,LDTYLAYIIVN,695,A,W,T2,-0.10055685141025479
3,BY4741__FKS1__HS3__FKS1-HS3__none,1,LDTYLCYIIVN,695,C,W,T2,-0.07811600875558587
3,BY4741__FKS1__HS3__FKS1-HS3__none,1,LDTYLEYIIVN,695,E,W,T2,-0.8422494774605374
3,BY4741__FKS1__HS3__FKS1-HS3__none,1,LDTYLFYIIVN,695,F,W,T2,-0.2823709026032483
3,BY4741__FKS1__HS3__FKS1-HS3__none,1,LDTYLGYIIVN,695,G,W,T2,-0.010007757453169876
3,BY4741__FKS1__HS3__FKS1-HS3__none,1,LDTYLHYIIVN,695,H,W,T2,-0.026290138842374258
3,BY4741__FKS1__HS3__FKS1-HS3__none,1,LDTYLKYIIVN,695,K,W,T2,-0.9336609271736256
3,BY4741__FKS1__HS3__FKS1-HS3__none,1,LDTYLLYIIVN,695,L,W,T2,-0.16293162894713512
3,BY4741__FKS1__HS3__FKS1-HS3__none,1,LDTYLMYIIVN,695,M,W,T2,-0.29751784780343815
3,BY4741__FKS1__HS3__FKS1-HS3__none,1,LDTYLPYIIVN,695,P,W,T2,-0.07972090464048487
3,BY4741__FKS1__HS3__FKS1-HS3__none,1,LDTYLQYIIVN,695,Q,W,T2,-0.5000670227119745
3,BY4741__FKS1__HS3__FKS1-HS3__none,1,LDTYLRYIIVN,695,R,W,T2,-0.18703070318171777
3,BY4741__FKS1__HS3__FKS1-HS3__none,1,LDTYLSYIIVN,695,S,W,T2,0.010469343262449677
3,BY4741__FKS1__HS3__FKS1-HS3__none,1,LDTYLTYIIVN,695,T,W,T2,-0.024988331165832253
3,BY4741__FKS1__HS3__FKS1-HS3__none,1,LDTYLVYIIVN,695,V,W,T2,-0.09963400546706862
3,BY4741__FKS1__HS3__FKS1-HS3__none,1,LDTYLW*IIVN,696,*,Y,T2,-0.45882604682501454
3,BY4741__FKS1__HS3__FKS1-HS3__none,1,LDTYLWAIIVN,696,A,Y,T2,-0.0011364970331721163
3,BY4741__FKS1__HS3__FKS1-HS3__none,1,LDTYLWDIIVN,696,D,Y,T2,0.04630460054338911
3,BY4741__FKS1__HS3__FKS1-HS3__none,1,LDTYLWEIIVN,696,E,Y,T2,-0.005714699141916364
3,BY4741__FKS1__HS3__FKS1-HS3__none,1,LDTYLWFIIVN,696,F,Y,T2,0.011520323659145954
3,BY4741__FKS1__HS3__FKS1-HS3__none,1,LDTYLWGIIVN,696,G,Y,T2,0.022364135360615846
3,BY4741__FKS1__HS3__FKS1-HS3__none,1,LDTYLWHIIVN,696,H,Y,T2,0.026953800607020684
3,BY4741__FKS1__HS3__FKS1-HS3__none,1,LDTYLWIIIVN,696,I,Y,T2,-0.2548863774199753
3,BY4741__FKS1__HS3__FKS1-HS3__none,1,LDTYLWKIIVN,696,K,Y,T2,-0.03954273844888868
3,BY4741__FKS1__HS3__FKS1-HS3__none,1,LDTYLWLIIVN,696,L,Y,T2,0.049913957017423724
3,BY4741__FKS1__HS3__FKS1-HS3__none,1,LDTYLWMIIVN,696,M,Y,T2,-0.03257833003645896
3,BY4741__FKS1__HS3__FKS1-HS3__none,1,LDTYLWNIIVN,696,N,Y,T2,-0.029644377279927095
3,BY4741__FKS1__HS3__FKS1-HS3__none,1,LDTYLWPIIVN,696,P,Y,T2,-0.35852067460113973
3,BY4741__FKS1__HS3__FKS1-HS3__none,1,LDTYLWQIIVN,696,Q,Y,T2,-0.7454241154706805
3,BY4741__FKS1__HS3__FKS1-HS3__none,1,LDTYLWRIIVN,696,R,Y,T2,-0.046138509006544585
3,BY4741__FKS1__HS3__FKS1-HS3__none,1,LDTYLWSIIVN,696,S,Y,T2,0.032422464631223905
3,BY4741__FKS1__HS3__FKS1-HS3__none,1,LDTYLWTIIVN,696,T,Y,T2,0.023165548869221012
3,BY4741__FKS1__HS3__FKS1-HS3__none,1,LDTYLWVIIVN,696,V,Y,T2,-0.12993095394925763
3,BY4741__FKS1__HS3__FKS1-HS3__none,1,LDTYLWWIIVN,696,W,Y,T2,0.05383208493345415
3,BY4741__FKS1__HS3__FKS1-HS3__none,1,LDTYLWYAIVN,697,A,I,T2,0.02465666583997924
3,BY4741__FKS1__HS3__FKS1-HS3__none,1,LDTYLWYCIVN,697,C,I,T2,0.024615277809330767
3,BY4741__FKS1__HS3__FKS1-HS3__none,1,LDTYLWYDIVN,697,D,I,T2,-0.008994634626728892
3,BY4741__FKS1__HS3__FKS1-HS3__none,1,LDTYLWYEIVN,697,E,I,T2,0.003914928454654526
3,BY4741__FKS1__HS3__FKS1-HS3__none,1,LDTYLWYFIVN,697,F,I,T2,0.024392005002999408
3,BY4741__FKS1__HS3__FKS1-HS3__none,1,LDTYLWYGIVN,697,G,I,T2,0.0036061848892809546
3,BY4741__FKS1__HS3__FKS1-HS3__none,1,LDTYLWYHIVN,697,H,I,T2,-0.33110971371447934
3,BY4741__FKS1__HS3__FKS1-HS3__none,1,LDTYLWYI*VN,698,*,I,T2,-0.19003845951739853
3,BY4741__FKS1__HS3__FKS1-HS3__none,1,LDTYLWYIAVN,698,A,I,T2,0.04835910449283125
3,BY4741__FKS1__HS3__FKS1-HS3__none,1,LDTYLWYICVN,698,C,I,T2,0.011625222316819896
3,BY4741__FKS1__HS3__FKS1-HS3__none,1,LDTYLWYIEVN,698,E,I,T2,-0.02175787324728829
3,BY4741__FKS1__HS3__FKS1-HS3__none,1,LDTYLWYIHVN,698,H,I,T2,0.0035388046404231273
3,BY4741__FKS1__HS3__FKS1-HS3__none,1,LDTYLWYII*N,699,*,V,T2,-0.16573236965046131
3,BY4741__FKS1__HS3__FKS1-HS3__none,1,LDTYLWYIIAN,699,A,V,T2,0.00350580522831119
3,BY4741__FKS1__HS3__FKS1-HS3__none,1,LDTYLWYIICN,699,C,V,T2,0.045483586850790424
3,BY4741__FKS1__HS3__FKS1-HS3__none,1,LDTYLWYIIEN,699,E,V,T2,0.016324909032837474
3,BY4741__FKS1__HS3__FKS1-HS3__none,1,LDTYLWYIIFN,699,F,V,T2,0.0034864552448846276
3,BY4741__FKS1__HS3__FKS1-HS3__none,1,LDTYLWYIIGN,699,G,V,T2,-0.006071245000235179
3,BY4741__FKS1__HS3__FKS1-HS3__none,1,LDTYLWYIIHN,699,H,V,T2,-0.15201402043305157
3,BY4741__FKS1__HS3__FKS1-HS3__none,1,LDTYLWYIIIN,699,I,V,T2,-0.0013809961422802152
3,BY4741__FKS1__HS3__FKS1-HS3__none,1,LDTYLWYIILN,699,L,V,T2,-0.05433604369804347
3,BY4741__FKS1__HS3__FKS1-HS3__none,1,LDTYLWYIINN,699,N,V,T2,0.03731389188977145
3,BY4741__FKS1__HS3__FKS1-HS3__none,1,LDTYLWYIIPN,699,P,V,T2,-0.37076674390264547
3,BY4741__FKS1__HS3__FKS1-HS3__none,1,LDTYLWYIIQN,699,Q,V,T2,0.020450732448611245
3,BY4741__FKS1__HS3__FKS1-HS3__none,1,LDTYLWYIIRN,699,R,V,T2,-0.10905153802649974
3,BY4741__FKS1__HS3__FKS1-HS3__none,1,LDTYLWYIISN,699,S,V,T2,0.010986934168489237
3,BY4741__FKS1__HS3__FKS1-HS3__none,1,LDTYLWYIITN,699,T,V,T2,0.028928713703479193
3,BY4741__FKS1__HS3__FKS1-HS3__none,1,LDTYLWYIIVA,700,A,N,T2,0.028280745419123725
3,BY4741__FKS1__HS3__FKS1-HS3__none,1,LDTYLWYIIVD,700,D,N,T2,0.008583100263634758
3,BY4741__FKS1__HS3__FKS1-HS3__none,1,LDTYLWYIIVE,700,E,N,T2,0.09075149319073757
3,BY4741__FKS1__HS3__FKS1-HS3__none,1,LDTYLWYIIVF,700,F,N,T2,0.00017256659624653899
3,BY4741__FKS1__HS3__FKS1-HS3__none,1,LDTYLWYIIVG,700,G,N,T2,-0.29996675201237755
3,BY4741__FKS1__HS3__FKS1-HS3__none,1,LDTYLWYIIVK,700,K,N,T2,-0.028669237151098675
3,BY4741__FKS1__HS3__FKS1-HS3__none,1,LDTYLWYIIVL,700,L,N,T2,0.01142707945421031
3,BY4741__FKS1__HS3__FKS1-HS3__none,1,LDTYLWYIIVM,700,M,N,T2,0.05326531269196326
3,BY4741__FKS1__HS3__FKS1-HS3__none,1,LDTYLWYIIVP,700,P,N,T2,-0.3324597256295094
3,BY4741__FKS1__HS3__FKS1-HS3__none,1,LDTYLWYIIVQ,700,Q,N,T2,0.03675076034248711
3,BY4741__FKS1__HS3__FKS1-HS3__none,1,LDTYLWYIIVR,700,R,N,T2,-0.48866120242596844
3,BY4741__FKS1__HS3__FKS1-HS3__none,1,LDTYLWYIIVS,700,S,N,T2,0.029550296997367914
3,BY4741__FKS1__HS3__FKS1-HS3__none,1,LDTYLWYIIVT,700,T,N,T2,0.03327143262780333
3,BY4741__FKS1__HS3__FKS1-HS3__none,1,LDTYLWYIIVV,700,V,N,T2,0.010301241540598832
3,BY4741__FKS1__HS3__FKS1-HS3__none,1,LDTYLWYIIVW,700,W,N,T2,0.014214911886418066
3,BY4741__FKS1__HS3__FKS1-HS3__none,1,LDTYLWYIIVY,700,Y,N,T2,0.02072625006827746
3,BY4741__FKS1__HS3__FKS1-HS3__none,1,LDTYLWYIIWN,699,W,V,T2,0.01647465776708837
3,BY4741__FKS1__HS3__FKS1-HS3__none,1,LDTYLWYIIYN,699,Y,V,T2,-0.03554359429620245
3,BY4741__FKS1__HS3__FKS1-HS3__none,1,LDTYLWYILVN,698,L,I,T2,0.02106759441825805
3,BY4741__FKS1__HS3__FKS1-HS3__none,1,LDTYLWYINVN,698,N,I,T2,0.00571068676466354
3,BY4741__FKS1__HS3__FKS1-HS3__none,1,LDTYLWYIPVN,698,P,I,T2,-0.3362013884808724
3,BY4741__FKS1__HS3__FKS1-HS3__none,1,LDTYLWYIRVN,698,R,I,T2,-0.19624666532769822
3,BY4741__FKS1__HS3__FKS1-HS3__none,1,LDTYLWYISVN,698,S,I,T2,0.021793859266468152
3,BY4741__FKS1__HS3__FKS1-HS3__none,1,LDTYLWYITVN,698,T,I,T2,0.012248571833276694
3,BY4741__FKS1__HS3__FKS1-HS3__none,1,LDTYLWYIVVN,698,V,I,T2,0.06958363461071362
3,BY4741__FKS1__HS3__FKS1-HS3__none,1,LDTYLWYIYVN,698,Y,I,T2,-0.016239666388070773
3,BY4741__FKS1__HS3__FKS1-HS3__none,1,LDTYLWYLIVN,697,L,I,T2,-0.1914640206424398
3,BY4741__FKS1__HS3__FKS1-HS3__none,1,LDTYLWYNIVN,697,N,I,T2,0.09689126120219986
3,BY4741__FKS1__HS3__FKS1-HS3__none,1,LDTYLWYPIVN,697,P,I,T2,-0.22892171702912345
3,BY4741__FKS1__HS3__FKS1-HS3__none,1,LDTYLWYQIVN,697,Q,I,T2,0.02514422694099807
3,BY4741__FKS1__HS3__FKS1-HS3__none,1,LDTYLWYRIVN,697,R,I,T2,-0.0347338263969352
3,BY4741__FKS1__HS3__FKS1-HS3__none,1,LDTYLWYSIVN,697,S,I,T2,0.027481503874372704
3,BY4741__FKS1__HS3__FKS1-HS3__none,1,LDTYLWYTIVN,697,T,I,T2,0.024836057250280562
3,BY4741__FKS1__HS3__FKS1-HS3__none,1,LDTYLWYVIVN,697,V,I,T2,0.007705982358299949
3,BY4741__FKS1__HS3__FKS1-HS3__none,1,LDTYLWYWIVN,697,W,I,T2,0.00016013423510736514
3,BY4741__FKS1__HS3__FKS1-HS3__none,1,LDTYLWYYIVN,697,Y,I,T2,-0.02560137828871923
3,BY4741__FKS1__HS3__FKS1-HS3__none,1,LDTYLYYIIVN,695,Y,W,T2,-0.030159383943602895
3,BY4741__FKS1__HS3__FKS1-HS3__none,1,LDTYMWYIIVN,694,M,L,T2,0.034022499704556876
3,BY4741__FKS1__HS3__FKS1-HS3__none,1,LDTYNWYIIVN,694,N,L,T2,-0.034072930886222305
3,BY4741__FKS1__HS3__FKS1-HS3__none,1,LDTYQWYIIVN,694,Q,L,T2,0.050915199036751506
3,BY4741__FKS1__HS3__FKS1-HS3__none,1,LDTYRWYIIVN,694,R,L,T2,-0.26493237006703885
3,BY4741__FKS1__HS3__FKS1-HS3__none,1,LDTYSWYIIVN,694,S,L,T2,-0.014275410871601706
3,BY4741__FKS1__HS3__FKS1-HS3__none,1,LDTYTWYIIVN,694,T,L,T2,0.0076827480746537915
3,BY4741__FKS1__HS3__FKS1-HS3__none,1,LDTYVWYIIVN,694,V,L,T2,0.01931639127520377
3,BY4741__FKS1__HS3__FKS1-HS3__none,1,LDTYWWYIIVN,694,W,L,T2,0.021406506806663186
3,BY4741__FKS1__HS3__FKS1-HS3__none,1,LDTYYWYIIVN,694,Y,L,T2,-0.25302093254365854
3,BY4741__FKS1__HS3__FKS1-HS3__none,1,LDVYLWYIIVN,692,V,T,T2,-0.066155116731782
3,BY4741__FKS1__HS3__FKS1-HS3__none,1,LDYYLWYIIVN,692,Y,T,T2,-0.13638055881910968
3,BY4741__FKS1__HS3__FKS1-HS3__none,1,LETYLWYIIVN,691,E,D,T2,0.028005390818521984
3,BY4741__FKS1__HS3__FKS1-HS3__none,1,LFTYLWYIIVN,691,F,D,T2,-0.22279054165796797
3,BY4741__FKS1__HS3__FKS1-HS3__none,1,LGTYLWYIIVN,691,G,D,T2,-0.914081215630208
3,BY4741__FKS1__HS3__FKS1-HS3__none,1,LITYLWYIIVN,691,I,D,T2,-0.0002641204631012792
3,BY4741__FKS1__HS3__FKS1-HS3__none,1,LKTYLWYIIVN,691,K,D,T2,-1.1214198642546809
3,BY4741__FKS1__HS3__FKS1-HS3__none,1,LLTYLWYIIVN,691,L,D,T2,-0.0040121538538789026
3,BY4741__FKS1__HS3__FKS1-HS3__none,1,LMTYLWYIIVN,691,M,D,T2,-0.0067335287691176
3,BY4741__FKS1__HS3__FKS1-HS3__none,1,LNTYLWYIIVN,691,N,D,T2,0.01237117736352203
3,BY4741__FKS1__HS3__FKS1-HS3__none,1,LPTYLWYIIVN,691,P,D,T2,-0.6846980968192685
3,BY4741__FKS1__HS3__FKS1-HS3__none,1,LQTYLWYIIVN,691,Q,D,T2,-0.013742599220480576
3,BY4741__FKS1__HS3__FKS1-HS3__none,1,LRTYLWYIIVN,691,R,D,T2,-0.938796814680229
3,BY4741__FKS1__HS3__FKS1-HS3__none,1,LSTYLWYIIVN,691,S,D,T2,-0.5029860093974903
3,BY4741__FKS1__HS3__FKS1-HS3__none,1,LTTYLWYIIVN,691,T,D,T2,-0.05621542372393911
3,BY4741__FKS1__HS3__FKS1-HS3__none,1,LVTYLWYIIVN,691,V,D,T2,-0.23416822342096288
3,BY4741__FKS1__HS3__FKS1-HS3__none,1,LWTYLWYIIVN,691,W,D,T2,-0.46967767305630714
3,BY4741__FKS1__HS3__FKS1-HS3__none,1,LYTYLWYIIVN,691,Y,D,T2,-0.39711994649403504
3,BY4741__FKS1__HS3__FKS1-HS3__none,1,MDTYLWYIIVN,690,M,L,T2,0.063134766495
3,BY4741__FKS1__HS3__FKS1-HS3__none,1,NDTYLWYIIVN,690,N,L,T2,-0.07999781250889648
3,BY4741__FKS1__HS3__FKS1-HS3__none,1,PDTYLWYIIVN,690,P,L,T2,0.03704597244984306
3,BY4741__FKS1__HS3__FKS1-HS3__none,1,SDTYLWYIIVN,690,S,L,T2,-0.0012592131647628946
3,BY4741__FKS1__HS3__FKS1-HS3__none,1,TDTYLWYIIVN,690,T,L,T2,0.02345330894058341
3,BY4741__FKS1__HS3__FKS1-HS3__none,1,VDTYLWYIIVN,690,V,L,T2,-0.06179170298052655
3,BY4741__FKS1__HS3__FKS1-HS3__none,1,YDTYLWYIIVN,690,Y,L,T2,-0.261066364050907
