Kingdom,Phylum,Species,aa_seq,Is_Human_Pathogen,resistance,y_pred
Viridiplantae,Chlorophyta,Chlamydomonas reinhardtii,AICSDLRED,False,resistant,resistant
Viridiplantae,Streptophyta,Arabidopsis thaliana,LQVKPMIKP,False,resistant,resistant
Viridiplantae,Streptophyta,Arabidopsis thaliana,LQIRPLIAP,False,resistant,resistant
Fungi,Mucoromycota,Phycomyces blakesleeanus,FLALSFRDA,False,resistant,resistant
Fungi,Mucoromycota,Rhizopus oryzae,FLALSFRDA,False,resistant,resistant
Fungi,Ascomycota,Schizosaccharomyces japonicus,FLTLSAKDP,False,sensitive,sensitive
Fungi,Ascomycota,Schizosaccharomyces pombe,FLTLSVRDP,False,sensitive,sensitive
Fungi,Ascomycota,Schizosaccharomyces octosporus,FLTLSVRDP,False,sensitive,sensitive
Fungi,Mucoromycota,Phycomyces blakesleeanus,FLALSFKDP,False,sensitive,sensitive
Fungi,Mucoromycota,Rhizopus oryzae,FLALSFKDP,False,sensitive,sensitive
Fungi,Mucoromycota,Phycomyces blakesleeanus,FLALSFKDP,False,sensitive,sensitive
Fungi,Ascomycota,Schizosaccharomyces japonicus,FLTLNLSDS,False,resistant,resistant
Fungi,Ascomycota,Schizosaccharomyces octosporus,FLALNLSDS,False,resistant,resistant
Fungi,Ascomycota,Schizosaccharomyces pombe,FLTLNLADS,False,resistant,resistant
Fungi,Basidiomycota,Laccaria bicolor,YLTLSFSDP,False,resistant,resistant
Fungi,Basidiomycota,Coprinopsis cinerea,FLTLSFRDP,False,sensitive,sensitive
Fungi,Basidiomycota,Coprinopsis cinerea,FLTLSFRDP,False,sensitive,sensitive
Fungi,Basidiomycota,Phanerochaete chrysosporium,FLTSSFSSP,False,resistant,resistant
Fungi,Basidiomycota,Laccaria bicolor,FLTSSFSSP,False,resistant,resistant
Fungi,Basidiomycota,Coprinopsis cinerea,FLTSSFSSP,False,resistant,resistant
Fungi,Basidiomycota,Coprinopsis cinerea,FLTSSFSSP,False,resistant,resistant
Fungi,Basidiomycota,Ustilago maydis,FLTLSFRDP,False,sensitive,sensitive
Fungi,Basidiomycota,Cryptococcus gattii VGI,FLTLSFRDP,False,sensitive,sensitive
Fungi,Basidiomycota,Cryptococcus neoformans,FLTLSFRDP,True,sensitive,sensitive
Fungi,Basidiomycota,Sporobolomyces roseus,FLTLSFENP,False,sensitive,resistant
Fungi,Basidiomycota,Melampsora larici-populina,FLTLSFENP,False,sensitive,resistant
Fungi,Basidiomycota,Puccinia triticina,FLTLSFENP,False,sensitive,resistant
Fungi,Basidiomycota,Puccinia graminis,FLTLSFENP,False,sensitive,resistant
Fungi,Ascomycota,Schizosaccharomyces japonicus,FLSLSFRDP,False,resistant,sensitive
Fungi,Ascomycota,Schizosaccharomyces pombe,FLSLSFRDP,False,resistant,sensitive
Fungi,Ascomycota,Schizosaccharomyces octosporus,FLTLSFRDP,False,sensitive,sensitive
Fungi,Ascomycota,Schizosaccharomyces pombe,FLTLSIRDP,False,sensitive,sensitive
Fungi,Ascomycota,Schizosaccharomyces octosporus,FLTLSIRDP,False,sensitive,sensitive
Fungi,Ascomycota,Tetrapisispora phaffii,FLTLSLRDP,False,sensitive,sensitive
Fungi,Ascomycota,Eremothecium cymbalariae,FLTLSLRDP,False,sensitive,sensitive
Fungi,Ascomycota,Eremothecium gossypii,FLTLSLRDP,False,sensitive,sensitive
Fungi,Ascomycota,Eremothecium gossypii,VLTLLVTQH,False,resistant,resistant
Fungi,Ascomycota,Naumovozyma dairenensis,FLILSLRDP,False,sensitive,sensitive
Fungi,Ascomycota,Naumovozyma castellii,FLILSLRDP,False,sensitive,sensitive
Fungi,Ascomycota,Naumovozyma castellii,FLILSLRDP,False,sensitive,sensitive
Fungi,Ascomycota,Lachancea thermotolerans,FLIKSLIDP,False,sensitive,sensitive
Fungi,Ascomycota,Kluyveromyces lactis,FLTLSLRDP,False,sensitive,sensitive
Fungi,Ascomycota,Tetrapisispora phaffii,FLILSLRDP,False,sensitive,sensitive
Fungi,Ascomycota,Vanderwaltozyma polyspora,FLTLSLRDP,False,sensitive,sensitive
Fungi,Ascomycota,Zygosaccharomyces rouxii,FLILSLRDP,False,sensitive,sensitive
Fungi,Ascomycota,Torulaspora delbrueckii,FLILSLRDP,False,sensitive,sensitive
Fungi,Ascomycota,Naumovozyma dairenensis,FLILSLRDP,False,sensitive,sensitive
Fungi,Ascomycota,Naumovozyma castellii,FLILSLRDP,False,sensitive,sensitive
Fungi,Ascomycota,Naumovozyma castellii,FLILSLRDP,False,sensitive,sensitive
Fungi,Ascomycota,Nakaseomyces glabratus,FLILSLRDP,True,sensitive,sensitive
Fungi,Ascomycota,Nakaseomyces glabratus,FLILSLRDP,True,sensitive,sensitive
Fungi,Ascomycota,Saccharomyces cerevisiae,FLVLSLRDP,False,sensitive,resistant
Fungi,Ascomycota,Saccharomyces bayanus,FLILSLRDP,False,sensitive,sensitive
Fungi,Ascomycota,Saccharomyces mikatae,FLILSLRDP,False,sensitive,sensitive
Fungi,Ascomycota,Saccharomyces cerevisiae,FLILSLRDP,False,sensitive,sensitive
Fungi,Ascomycota,Saccharomyces paradoxus,FLILSLRDP,False,sensitive,sensitive
Fungi,Ascomycota,Komagataella pastoris,FLILSLRDP,False,sensitive,sensitive
Fungi,Ascomycota,Komagataella phaffii,FLILSLRDP,False,sensitive,sensitive
Fungi,Ascomycota,Meyerozyma guilliermondii,FMALSLRDP,False,resistant,sensitive
Fungi,Ascomycota,Debaryomyces hansenii,FLTLSIRDP,False,sensitive,sensitive
Fungi,Ascomycota,Scheffersomyces stipitis,FLTLSLRDP,False,sensitive,sensitive
Fungi,Ascomycota,Candida dubliniensis,FLTLSLRDP,False,sensitive,sensitive
Fungi,Ascomycota,Candida albicans,FLTLSLRDP,True,sensitive,sensitive
Fungi,Ascomycota,Candida parapsilosis,FLTLSLRDA,True,resistant,resistant
Fungi,Ascomycota,Lodderomyces elongisporus,FLTLSLRDP,False,sensitive,sensitive
Fungi,Ascomycota,Yarrowia lipolytica,FLILSLRDP,False,sensitive,sensitive
Fungi,Ascomycota,Yarrowia lipolytica,FLILSLRDP,False,sensitive,sensitive
Fungi,Ascomycota,Purpureocillium lilacinum,SLTLSFRDV,False,resistant,resistant
Fungi,Ascomycota,Dactylellina haptotyla,ALALNIKDP,False,sensitive,resistant
Fungi,Ascomycota,Macrophomina phaseolina,FLTLSFRDP,False,sensitive,sensitive
Fungi,Ascomycota,Ceratocystis platani,YLTLSFRDP,False,resistant,resistant
Fungi,Ascomycota,Thielaviopsis punctulata,YLTLSFRDP,False,resistant,resistant
Fungi,Ascomycota,Oidiodendron maius,ALTLSFRDP,False,resistant,resistant
Fungi,Ascomycota,Rutstroemia sp. NJR-2017a BBW,FLTLSFRDP,False,sensitive,sensitive
Fungi,Ascomycota,Rutstroemia sp. NJR-2017a WRK4,FLTLSFRDP,False,sensitive,sensitive
Fungi,Ascomycota,Sclerotinia borealis,FLTLSFRDP,False,sensitive,sensitive
Fungi,Ascomycota,Sclerotinia sclerotiorum,FLTLSFRDP,False,sensitive,sensitive
Fungi,Ascomycota,Oidiodendron maius,FLALSFRDP,False,sensitive,sensitive
Fungi,Ascomycota,Glarea lozoyensis,ALTLSFRDP,False,resistant,resistant
Fungi,Ascomycota,Amorphotheca resinae,FLTLSFRDP,False,sensitive,sensitive
Fungi,Ascomycota,Marssonina brunnea,FLTLSFRDP,False,sensitive,sensitive
Fungi,Ascomycota,Diplocarpon rosae,FLTLSFRDP,False,sensitive,sensitive
Fungi,Ascomycota,Diplocarpon rosae,FLTLSFRDP,False,sensitive,sensitive
Fungi,Ascomycota,Blumeria graminis,FLTLSFRDP,False,sensitive,sensitive
Fungi,Ascomycota,Erysiphe necator,FLTLSFRDP,False,sensitive,sensitive
Fungi,Ascomycota,Phialocephala subalpina,FLTLSFRDP,False,sensitive,sensitive
Fungi,Ascomycota,Rhynchosporium commune,FLTLSFRDP,False,sensitive,sensitive
Fungi,Ascomycota,Rhynchosporium secalis,FLTLSFRDP,False,sensitive,sensitive
Fungi,Ascomycota,Penicillium brasilianum,FLTLSFKDP,False,sensitive,sensitive
Fungi,Ascomycota,Penicillium oxalicum,FLTLSLKDP,False,sensitive,sensitive
Fungi,Ascomycota,Penicillium antarcticum,FLTLSFKDP,False,sensitive,sensitive
Fungi,Ascomycota,Penicillium roqueforti,FLTLSFKDP,False,sensitive,sensitive
Fungi,Ascomycota,Penicillium digitatum,FLTLSFKDP,False,sensitive,sensitive
Fungi,Ascomycota,Penicillium camemberti,FLTLSFKDP,False,sensitive,sensitive
Fungi,Ascomycota,Penicillium chrysogenum,FLTLSFKDP,False,sensitive,sensitive
Fungi,Ascomycota,Penicillium rubens,FLTLSFKDP,False,sensitive,sensitive
Fungi,Ascomycota,Penicillium expansum,FLTLSLKDP,False,sensitive,sensitive
Fungi,Ascomycota,Penicillium italicum,FLTLSFKDP,False,sensitive,sensitive
Fungi,Ascomycota,Byssochlamys spectabilis,FLTLSLKDP,False,sensitive,sensitive
Fungi,Ascomycota,Rasamsonia emersonii,FLTLSFKDP,False,sensitive,sensitive
Fungi,Ascomycota,Talaromyces islandicus,FLTLSFKDP,False,sensitive,sensitive
Fungi,Ascomycota,Talaromyces stipitatus,FLTLSFKDP,False,sensitive,sensitive
Fungi,Ascomycota,Talaromyces marneffei,FLTLSFKDP,True,sensitive,sensitive
Fungi,Ascomycota,Talaromyces verruculosus,FLTLSFKDP,False,sensitive,sensitive
Fungi,Ascomycota,Penicillium sp. 'occitanis',FLTLSFKDP,False,sensitive,sensitive
Fungi,Ascomycota,Talaromyces cellulolyticus,FLTLSFKDP,False,sensitive,sensitive
Fungi,Ascomycota,Penicilliopsis zonata,FLTLSFKDP,False,sensitive,sensitive
Fungi,Ascomycota,Aspergillus carbonarius,FLTLSLKDP,False,sensitive,sensitive
Fungi,Ascomycota,Aspergillus nidulans,FLTLSIKDP,False,sensitive,sensitive
Fungi,Ascomycota,Aspergillus flavus,FLTLSFKDP,False,sensitive,sensitive
Fungi,Ascomycota,Aspergillus oryzae,FLTLSFKDP,False,sensitive,sensitive
Fungi,Ascomycota,Aspergillus terreus,FLTLSFKDP,False,sensitive,sensitive
Fungi,Ascomycota,Aspergillus clavatus,FLTLSIKDP,False,sensitive,sensitive
Fungi,Ascomycota,Aspergillus fischeri,FLTLSFKDP,False,sensitive,sensitive
Fungi,Ascomycota,Aspergillus fumigatus,FLTLSFKDP,True,sensitive,sensitive
Fungi,Ascomycota,Polytolypa hystricis,FLTHSFRDP,False,resistant,sensitive
Fungi,Ascomycota,Paracoccidioides lutzii,FLTLSFRDP,False,sensitive,sensitive
Fungi,Ascomycota,Paracoccidioides brasiliensis,FLTLSFRDP,False,sensitive,sensitive
Fungi,Ascomycota,Paracoccidioides brasiliensis,FLTLSFRDP,False,sensitive,sensitive
Fungi,Ascomycota,Blastomyces gilchristii,FLTLSFRDP,False,sensitive,sensitive
Fungi,Ascomycota,Histoplasma capsulatum,FLTLSFRDP,False,sensitive,sensitive
Fungi,Ascomycota,Emergomyces pasteurianus,FLTLSFRDP,False,sensitive,sensitive
Fungi,Ascomycota,Emmonsia crescens,FLSLSFRDP,False,resistant,sensitive
Fungi,Ascomycota,Coccidioides posadasii,FLTLSIKDP,False,sensitive,sensitive
Fungi,Ascomycota,Coccidioides immitis,FLTLSIKDP,False,sensitive,sensitive
Fungi,Ascomycota,Nannizzia gypsea,FLTLSLKDP,False,sensitive,sensitive
Fungi,Ascomycota,Microsporum canis,FLTLSLKDP,False,sensitive,sensitive
Fungi,Ascomycota,Trichophyton rubrum,FLTLSLKDP,False,sensitive,sensitive
Fungi,Ascomycota,Trichophyton tonsurans,FLTLSLKDP,False,sensitive,sensitive
Fungi,Ascomycota,Trichophyton interdigitale,FLTLSLKDP,False,sensitive,sensitive
Fungi,Ascomycota,Trichophyton benhamiae,FLTLSLKDP,False,sensitive,sensitive
Fungi,Ascomycota,Trichophyton verrucosum,FLTLSLKDP,False,sensitive,sensitive
Fungi,Ascomycota,Endocarpon pusillum,FLTLSFRDP,False,sensitive,sensitive
Fungi,Ascomycota,Cyphellophora europaea,FLTLSFRDP,False,sensitive,sensitive
Fungi,Ascomycota,Exophiala aquamarina,FLTLSFRDP,False,sensitive,sensitive
Fungi,Ascomycota,Capronia coronata,FLTLSFRDP,False,sensitive,sensitive
Fungi,Ascomycota,Exophiala dermatitidis,FLTLSFRDP,False,sensitive,sensitive
Fungi,Ascomycota,Exophiala spinifera,FLTLSFRDP,False,sensitive,sensitive
Fungi,Ascomycota,Fonsecaea erecta,FLTLSFRDP,False,sensitive,sensitive
Fungi,Ascomycota,Cladophialophora psammophila,FLTLSFRDP,False,sensitive,sensitive
Fungi,Ascomycota,Phialophora americana,FLTLSFRDP,False,sensitive,sensitive
Fungi,Ascomycota,Cladophialophora carrionii,FLTLSFRDP,False,sensitive,sensitive
Fungi,Ascomycota,Cladophialophora yegresii,FLTLSFRDP,False,sensitive,sensitive
Fungi,Ascomycota,Macrophomina phaseolina,FLTLSFRDP,False,sensitive,sensitive
Fungi,Ascomycota,Coniosporium apollinis,FLTLSLRDP,False,sensitive,sensitive
Fungi,Ascomycota,Periconia macrospinosa,FLTLSIKDP,False,sensitive,sensitive
Fungi,Ascomycota,Paraphaeosphaeria sporulosa,FLTLSLKDP,False,sensitive,sensitive
Fungi,Ascomycota,Parastagonospora nodorum,FLTLSIKDP,False,sensitive,sensitive
Fungi,Ascomycota,Leptosphaeria maculans,FLTLSIKDP,False,sensitive,sensitive
Fungi,Ascomycota,Alternaria alternata,FLTLSIKDP,False,sensitive,sensitive
Fungi,Ascomycota,Pyrenophora tritici-repentis,FLTLSIKDP,False,sensitive,sensitive
Fungi,Ascomycota,Pyrenophora teres,FLTLSFKDP,False,sensitive,sensitive
Fungi,Ascomycota,Exserohilum turcicum,FLTLSIKDP,False,sensitive,sensitive
Fungi,Ascomycota,Bipolaris sorokiniana,FLTLSIKDP,False,sensitive,sensitive
Fungi,Ascomycota,Bipolaris maydis,FLTLSIKDP,False,sensitive,sensitive
Fungi,Ascomycota,Bipolaris maydis,FLTLSIKDP,False,sensitive,sensitive
Fungi,Ascomycota,Clohesyomyces aquaticus,FLTLSLKDP,False,sensitive,sensitive
Fungi,Ascomycota,Corynespora cassiicola,FLTLSIKDP,False,sensitive,sensitive
Fungi,Ascomycota,Aureobasidium subglaciale,YLTLSLRDP,False,resistant,resistant
Fungi,Ascomycota,Aureobasidium pullulans,YLTLSLRDP,False,resistant,resistant
Fungi,Ascomycota,Elsinoe australis,YLILSIRDP,False,resistant,resistant
Fungi,Ascomycota,Hortaea werneckii,FLTLSLRDP,False,sensitive,sensitive
Fungi,Ascomycota,Hortaea werneckii,FLTLSLRDP,False,sensitive,sensitive
Fungi,Ascomycota,Acidomyces richmondensis,FLTLSLVDP,False,sensitive,sensitive
Fungi,Ascomycota,Baudoinia panamericana,FLTLSIRDP,False,sensitive,sensitive
Fungi,Ascomycota,Zymoseptoria tritici,FLTLSIRDP,False,sensitive,sensitive
Fungi,Ascomycota,Sphaerulina musiva,FLTLSFRDP,False,sensitive,sensitive
Fungi,Ascomycota,Pseudocercospora fijiensis,FLTLSLRDP,False,sensitive,sensitive
Fungi,Ascomycota,Dothistroma septosporum,FLTLSLRDP,False,sensitive,sensitive
Fungi,Ascomycota,Rosellinia necatrix,YLTLSFRDA,False,resistant,resistant
Fungi,Ascomycota,Microdochium bolleyi,YLTLSFRDP,False,resistant,resistant
Fungi,Ascomycota,Torrubiella hemipterigena,YLTLSFKDP,False,resistant,resistant
Fungi,Ascomycota,Grosmannia clavigera,FLALSFRDP,False,sensitive,sensitive
Fungi,Ascomycota,Pyricularia grisea,YLALSFKDP,False,resistant,resistant
Fungi,Ascomycota,Pyricularia oryzae,YLALSFKDP,False,resistant,resistant
Fungi,Ascomycota,Gaeumannomyces tritici,YLALSFRDP,False,resistant,resistant
Fungi,Ascomycota,Sordaria macrospora,YLTLSIRDP,False,resistant,resistant
Fungi,Ascomycota,Neurospora discreta,YLTLSIRDP,False,resistant,resistant
Fungi,Ascomycota,Neurospora tetrasperma,YLTLSIRDP,False,resistant,resistant
Fungi,Ascomycota,Neurospora crassa,YLTLSIRDP,False,resistant,resistant
Fungi,Ascomycota,Diaporthe ampelina,FLTLSFRDT,False,sensitive,resistant
Fungi,Ascomycota,Cryphonectria parasitica,FLTLSFRDP,False,sensitive,sensitive
Fungi,Ascomycota,Stachybotrys chartarum,YLTRSFRDP,False,resistant,resistant
Fungi,Ascomycota,Fusarium graminearum,YLILSFRDP,False,resistant,resistant
Fungi,Ascomycota,Fusarium pseudograminearum,YLILSFRDP,False,resistant,resistant
Fungi,Ascomycota,Fusarium oxysporum,YLILSFRDP,False,resistant,resistant
Fungi,Ascomycota,Fusarium fujikuroi,YLILSFRDP,False,resistant,resistant
Fungi,Ascomycota,Fusarium verticillioides,YLILSFRDP,False,resistant,resistant
Fungi,Ascomycota,Acremonium chrysogenum,YLTLAFRDS,False,resistant,resistant
Fungi,Ascomycota,Trichoderma longibrachiatum,FLALSFRDP,False,sensitive,sensitive
Fungi,Ascomycota,Trichoderma parareesei,FLALSFRDP,False,sensitive,sensitive
Fungi,Ascomycota,Trichoderma reesei,FLALSFRDP,False,sensitive,sensitive
Fungi,Ascomycota,Trichoderma harzianum,FLALSFRDP,False,sensitive,sensitive
Fungi,Ascomycota,Trichoderma virens,FLALSFRDP,False,sensitive,sensitive
Fungi,Ascomycota,Trichoderma atroviride,FLALSFKDP,False,sensitive,sensitive
Fungi,Ascomycota,Trichoderma asperellum,FLALSFKDP,False,sensitive,sensitive
Fungi,Ascomycota,Purpureocillium lilacinum,YLTLSFRDV,False,resistant,resistant
Fungi,Ascomycota,Moelleriella libera,YLTLSFRDV,False,resistant,resistant
Fungi,Ascomycota,Metarhizium acridum,YLTLSFRDV,False,resistant,resistant
Fungi,Ascomycota,Metarhizium majus,YLTLSFRDV,False,resistant,resistant
Fungi,Ascomycota,Metarhizium robertsii,YLTLSFRDV,False,resistant,resistant
Fungi,Ascomycota,Claviceps paspali,YLTLSFRDV,False,resistant,resistant
Fungi,Ascomycota,Atkinsonella hypoxylon,YLTLSFRDV,False,resistant,resistant
Fungi,Ascomycota,Balansia obtecta,YLTLSFRDV,False,resistant,resistant
Fungi,Ascomycota,Aciculosporium take,YLTLSFRDV,False,resistant,resistant
Fungi,Ascomycota,Epichloe gansuensis,YLTLSFRDV,False,resistant,resistant
Fungi,Ascomycota,Epichloe typhina,YLTLSFRDV,False,resistant,resistant
Fungi,Ascomycota,Epichloe elymi,YLTLSFRDV,False,resistant,resistant
Fungi,Ascomycota,Epichloe baconii,YLTLSFRDV,False,resistant,resistant
Fungi,Ascomycota,Epichloe mollis,YLTLSFRDV,False,resistant,resistant
Fungi,Ascomycota,Epichloe amarillans,YLTLSFRDV,False,resistant,resistant
Fungi,Ascomycota,Epichloe brachyelytri,YLTLSFRDV,False,resistant,resistant
Fungi,Ascomycota,Epichloe aotearoae,YLTLSFRDV,False,resistant,resistant
Fungi,Ascomycota,Claviceps fusiformis,YLTLSFRDV,False,resistant,resistant
Fungi,Ascomycota,Claviceps purpurea,YLTLSFRDV,False,resistant,resistant
Fungi,Ascomycota,Eutypa lata,YLTRSFRDP,False,resistant,resistant
Fungi,Ascomycota,Podospora anserina,YLTLSIKDP,False,resistant,resistant
Fungi,Ascomycota,Pestalotiopsis fici,YLTLSLRDP,False,resistant,resistant
Fungi,Ascomycota,Colletotrichum fructicola,YLTLSFRDP,False,resistant,resistant
Fungi,Ascomycota,Colletotrichum graminicola,YLTLSFRDP,False,resistant,resistant
Fungi,Ascomycota,Zymoseptoria tritici,YLTLSFRDP,False,resistant,resistant
Fungi,Ascomycota,Colletotrichum higginsianum,YLTLSFRDP,False,resistant,resistant
Fungi,Ascomycota,Phaeoacremonium minimum,YLILSLRDP,False,resistant,resistant
Fungi,Ascomycota,Ophiostoma piceae,YLTRAFRDS,False,resistant,resistant
Fungi,Ascomycota,Sporothrix schenckii,YLTRAFRDS,False,resistant,resistant
Fungi,Ascomycota,Sporothrix brasiliensis,YLTRAFRDS,False,resistant,resistant
Fungi,Ascomycota,Chaetomium thermophilum,YLTLSIRDP,False,resistant,resistant
Fungi,Ascomycota,Chaetomium globosum,FLALSIRDP,False,sensitive,sensitive
Fungi,Ascomycota,Thermothielavioides terrestris,YLTLSLRDP,False,resistant,resistant
Fungi,Ascomycota,Madurella mycetomatis,YLTLSIRDP,False,resistant,resistant
