Sample_name,strain,id_number,paralog,hotspot,Mutated_seq,Pos_start,N_forward,N_reverse,pool_type,pool_combination,compound,Timepoint,Replicate,R1,R2,note,Analyze,Report
BY_FKS1-HS1_T0_2,BY4741,2+5,FKS1,HS1,FKS1-HS1,639,TTTGCTGCCAAATATTCAGAATCGTACTAC,CCTCATTGCAGTGGTGGACAAAATTCTAAT,single_ortho,2+5,,T0,2,NS.2013.002.B720---B512.BY4741_PC_2-5_R1.fastq.gz,NS.2013.002.B720---B512.BY4741_PC_2-5_R2.fastq.gz,,True,True
BY_FKS1-HS1_T0_3,BY4741,3+6,FKS1,HS1,FKS1-HS1,639,TTTGCTGCCAAATATTCAGAATCGTACTAC,CCTCATTGCAGTGGTGGACAAAATTCTAAT,single_ortho,3+6,,T0,3,NS.2013.002.B709---B501.BY4741_PC_3-6_R1.fastq.gz,NS.2013.002.B709---B501.BY4741_PC_3-6_R2.fastq.gz,,True,True
BY_FKS1-HS1_non_T2_1,BY4741,1,FKS1,HS1,FKS1-HS1,639,TTTGCTGCCAAATATTCAGAATCGTACTAC,CCTCATTGCAGTGGTGGACAAAATTCTAAT,single_ortho,1+4,none,T2,1,NS.2013.002.B715---B501.BY4741_1_R1.fastq.gz,NS.2013.002.B715---B501.BY4741_1_R2.fastq.gz,t0 lost,,
BY_FKS1-HS1_non_T2_2,BY4741,2,FKS1,HS1,FKS1-HS1,639,TTTGCTGCCAAATATTCAGAATCGTACTAC,CCTCATTGCAGTGGTGGACAAAATTCTAAT,single_ortho,2+5,none,T2,2,NS.2013.002.B716---B502.BY4741_2_R1.fastq.gz,NS.2013.002.B716---B502.BY4741_2_R2.fastq.gz,,True,True
BY_FKS1-HS1_non_T2_3,BY4741,3,FKS1,HS1,FKS1-HS1,639,TTTGCTGCCAAATATTCAGAATCGTACTAC,CCTCATTGCAGTGGTGGACAAAATTCTAAT,single_ortho,3+6,none,T2,3,NS.2013.002.D701---D501.BY4741_3_R1.fastq.gz,NS.2013.002.D701---D501.BY4741_3_R2.fastq.gz,,True,True
BY_FKS1-HS1_cas_T2_1,BY4741,4,FKS1,HS1,FKS1-HS1,639,TTTGCTGCCAAATATTCAGAATCGTACTAC,CCTCATTGCAGTGGTGGACAAAATTCTAAT,single_ortho,1+4,caspofungin,T2,1,NS.2013.002.B715---B502.BY4741_4_R1.fastq.gz,NS.2013.002.B715---B502.BY4741_4_R2.fastq.gz,t0 lost,,
BY_FKS1-HS1_cas_T2_2,BY4741,5,FKS1,HS1,FKS1-HS1,639,TTTGCTGCCAAATATTCAGAATCGTACTAC,CCTCATTGCAGTGGTGGACAAAATTCTAAT,single_ortho,2+5,caspofungin,T2,2,NS.2013.002.B716---B503.BY4741_5_R1.fastq.gz,NS.2013.002.B716---B503.BY4741_5_R2.fastq.gz,,True,True
BY_FKS1-HS1_cas_T2_3,BY4741,6,FKS1,HS1,FKS1-HS1,639,TTTGCTGCCAAATATTCAGAATCGTACTAC,CCTCATTGCAGTGGTGGACAAAATTCTAAT,single_ortho,3+6,caspofungin,T2,3,NS.2013.002.B716---B504.BY4741_6_R1.fastq.gz,NS.2013.002.B716---B504.BY4741_6_R2.fastq.gz,,True,True
BY_FKS1-HS1_mic_T2_1,BY4741,7,FKS1,HS1,FKS1-HS1,639,TTTGCTGCCAAATATTCAGAATCGTACTAC,CCTCATTGCAGTGGTGGACAAAATTCTAAT,single_ortho,1+4,micafungin,T2,1,NS.2013.002.B715---B503.BY4741_7_R1.fastq.gz,NS.2013.002.B715---B503.BY4741_7_R2.fastq.gz,t0 lost,,
BY_FKS1-HS1_mic_T2_2,BY4741,8,FKS1,HS1,FKS1-HS1,639,TTTGCTGCCAAATATTCAGAATCGTACTAC,CCTCATTGCAGTGGTGGACAAAATTCTAAT,single_ortho,2+5,micafungin,T2,2,NS.2013.002.B716---B505.BY4741_8_R1.fastq.gz,NS.2013.002.B716---B505.BY4741_8_R2.fastq.gz,,True,True
BY_FKS1-HS1_mic_T2_3,BY4741,9,FKS1,HS1,FKS1-HS1,639,TTTGCTGCCAAATATTCAGAATCGTACTAC,CCTCATTGCAGTGGTGGACAAAATTCTAAT,single_ortho,3+6,micafungin,T2,3,NS.2013.002.D701---D502.BY4741_9_R1.fastq.gz,NS.2013.002.D701---D502.BY4741_9_R2.fastq.gz,,True,True
BY_FKS1-HS1_ani_T2_1,BY4741,10,FKS1,HS1,FKS1-HS1,639,TTTGCTGCCAAATATTCAGAATCGTACTAC,CCTCATTGCAGTGGTGGACAAAATTCTAAT,single_ortho,1+4,anidulafungin,T2,1,NS.2013.002.B715---B504.BY4741_10_R1.fastq.gz,NS.2013.002.B715---B504.BY4741_10_R2.fastq.gz,t0 lost,,
BY_FKS1-HS1_ani_T2_2,BY4741,11,FKS1,HS1,FKS1-HS1,639,TTTGCTGCCAAATATTCAGAATCGTACTAC,CCTCATTGCAGTGGTGGACAAAATTCTAAT,single_ortho,2+5,anidulafungin,T2,2,NS.2013.002.B716---B506.BY4741_11_R1.fastq.gz,NS.2013.002.B716---B506.BY4741_11_R2.fastq.gz,,True,True
BY_FKS1-HS1_ani_T2_3,BY4741,12,FKS1,HS1,FKS1-HS1,639,TTTGCTGCCAAATATTCAGAATCGTACTAC,CCTCATTGCAGTGGTGGACAAAATTCTAAT,single_ortho,3+6,anidulafungin,T2,3,NS.2013.002.D701---D503.BY4741_12_R1.fastq.gz,NS.2013.002.D701---D503.BY4741_12_R2.fastq.gz,,True,True
BY_FKS1-HS2_T0_1,BY4741,13+16,FKS1,HS2,FKS1-HS2,1353,ATTGGGTGTTACAACTTCCAACCTGCGGTT,GAAGGCAATCCAGAAAACAATGAAAATAGA,single_ortho,13+16,,T0,1,NS.2013.002.B709---B505.BY4741_PC_13-16_R1.fastq.gz,NS.2013.002.B709---B505.BY4741_PC_13-16_R2.fastq.gz,,True,True
BY_FKS1-HS2_T0_2,BY4741,14+17,FKS1,HS2,FKS1-HS2,1353,ATTGGGTGTTACAACTTCCAACCTGCGGTT,GAAGGCAATCCAGAAAACAATGAAAATAGA,single_ortho,14+17,,T0,2,NS.2013.002.B709---B506.BY4741_PC_14-17_R1.fastq.gz,NS.2013.002.B709---B506.BY4741_PC_14-17_R2.fastq.gz,,True,True
BY_FKS1-HS2_T0_3,BY4741,15+18,FKS1,HS2,FKS1-HS2,1353,ATTGGGTGTTACAACTTCCAACCTGCGGTT,GAAGGCAATCCAGAAAACAATGAAAATAGA,single_ortho,15+18,,T0,3,NS.2013.002.B709---B507.BY4741_PC_15-18_R1.fastq.gz,NS.2013.002.B709---B507.BY4741_PC_15-18_R2.fastq.gz,,True,True
BY_FKS1-HS2_non_T2_1,BY4741,25,FKS1,HS2,FKS1-HS2,1353,ATTGGGTGTTACAACTTCCAACCTGCGGTT,GAAGGCAATCCAGAAAACAATGAAAATAGA,single_ortho,13+16,none,T2,1,NS.2013.002.B718---B510.BY4741_25_R1.fastq.gz,NS.2013.002.B718---B510.BY4741_25_R2.fastq.gz,,True,True
BY_FKS1-HS2_non_T2_2,BY4741,26,FKS1,HS2,FKS1-HS2,1353,ATTGGGTGTTACAACTTCCAACCTGCGGTT,GAAGGCAATCCAGAAAACAATGAAAATAGA,single_ortho,14+17,none,T2,2,NS.2013.002.D703---D501.BY4741_26_R1.fastq.gz,NS.2013.002.D703---D501.BY4741_26_R2.fastq.gz,,True,True
BY_FKS1-HS2_non_T2_3,BY4741,27,FKS1,HS2,FKS1-HS2,1353,ATTGGGTGTTACAACTTCCAACCTGCGGTT,GAAGGCAATCCAGAAAACAATGAAAATAGA,single_ortho,15+18,none,T2,3,NS.2013.002.D703---D502.BY4741_27_R1.fastq.gz,NS.2013.002.D703---D502.BY4741_27_R2.fastq.gz,,True,True
BY_FKS1-HS2_cas_T2_1,BY4741,28,FKS1,HS2,FKS1-HS2,1353,ATTGGGTGTTACAACTTCCAACCTGCGGTT,GAAGGCAATCCAGAAAACAATGAAAATAGA,single_ortho,13+16,caspofungin,T2,1,NS.2013.002.D703---D503.BY4741_28_R1.fastq.gz,NS.2013.002.D703---D503.BY4741_28_R2.fastq.gz,,True,True
BY_FKS1-HS2_cas_T2_2,BY4741,29,FKS1,HS2,FKS1-HS2,1353,ATTGGGTGTTACAACTTCCAACCTGCGGTT,GAAGGCAATCCAGAAAACAATGAAAATAGA,single_ortho,14+17,caspofungin,T2,2,NS.2013.002.D703---D504.BY4741_29_R1.fastq.gz,NS.2013.002.D703---D504.BY4741_29_R2.fastq.gz,,True,True
BY_FKS1-HS2_cas_T2_3,BY4741,30,FKS1,HS2,FKS1-HS2,1353,ATTGGGTGTTACAACTTCCAACCTGCGGTT,GAAGGCAATCCAGAAAACAATGAAAATAGA,single_ortho,15+18,caspofungin,T2,3,NS.2013.002.D703---D505.BY4741_30_R1.fastq.gz,NS.2013.002.D703---D505.BY4741_30_R2.fastq.gz,,True,True
BY_FKS1-HS2_mic_T2_1,BY4741,31,FKS1,HS2,FKS1-HS2,1353,ATTGGGTGTTACAACTTCCAACCTGCGGTT,GAAGGCAATCCAGAAAACAATGAAAATAGA,single_ortho,13+16,micafungin,T2,1,NS.2013.002.D703---D506.BY4741_31_R1.fastq.gz,NS.2013.002.D703---D506.BY4741_31_R2.fastq.gz,,True,True
BY_FKS1-HS2_mic_T2_2,BY4741,32,FKS1,HS2,FKS1-HS2,1353,ATTGGGTGTTACAACTTCCAACCTGCGGTT,GAAGGCAATCCAGAAAACAATGAAAATAGA,single_ortho,14+17,micafungin,T2,2,NS.2013.002.D703---D507.BY4741_32_R1.fastq.gz,NS.2013.002.D703---D507.BY4741_32_R2.fastq.gz,,True,True
BY_FKS1-HS2_mic_T2_3,BY4741,33,FKS1,HS2,FKS1-HS2,1353,ATTGGGTGTTACAACTTCCAACCTGCGGTT,GAAGGCAATCCAGAAAACAATGAAAATAGA,single_ortho,15+18,micafungin,T2,3,NS.2013.002.D703---D508.BY4741_33_R1.fastq.gz,NS.2013.002.D703---D508.BY4741_33_R2.fastq.gz,,True,True
BY_FKS1-HS2_ani_T2_1,BY4741,34,FKS1,HS2,FKS1-HS2,1353,ATTGGGTGTTACAACTTCCAACCTGCGGTT,GAAGGCAATCCAGAAAACAATGAAAATAGA,single_ortho,13+16,anidulafungin,T2,1,NS.2013.002.D704---D501.BY4741_34_R1.fastq.gz,NS.2013.002.D704---D501.BY4741_34_R2.fastq.gz,,True,True
BY_FKS1-HS2_ani_T2_2,BY4741,35,FKS1,HS2,FKS1-HS2,1353,ATTGGGTGTTACAACTTCCAACCTGCGGTT,GAAGGCAATCCAGAAAACAATGAAAATAGA,single_ortho,14+17,anidulafungin,T2,2,NS.2013.002.D704---D502.BY4741_35_R1.fastq.gz,NS.2013.002.D704---D502.BY4741_35_R2.fastq.gz,,True,True
BY_FKS1-HS2_ani_T2_3,BY4741,36,FKS1,HS2,FKS1-HS2,1353,ATTGGGTGTTACAACTTCCAACCTGCGGTT,GAAGGCAATCCAGAAAACAATGAAAATAGA,single_ortho,15+18,anidulafungin,T2,3,NS.2013.002.D704---D503.BY4741_36_R1.fastq.gz,NS.2013.002.D704---D503.BY4741_36_R2.fastq.gz,,True,True
BY_FKS2-HS1_non_T0_1,BY4741,25+28,FKS2,HS1,FKS2-HS1,659,GCTGCTAAATATGCAGAGTCATATTTTTTT,TCTCATTGATGTAGTAGATAAAATCCTAAT,single_ortho,25+28,,T0,1,NS.2013.002.B710---B503.BY4741_PC_25-28_R1.fastq.gz,NS.2013.002.B710---B503.BY4741_PC_25-28_R2.fastq.gz,,True,
BY_FKS2-HS1_non_T0_2,BY4741,26+29,FKS2,HS1,FKS2-HS1,659,GCTGCTAAATATGCAGAGTCATATTTTTTT,TCTCATTGATGTAGTAGATAAAATCCTAAT,single_ortho,26+29,,T0,2,NS.2013.002.B710---B504.BY4741_PC_26-29_R1.fastq.gz,NS.2013.002.B710---B504.BY4741_PC_26-29_R2.fastq.gz,,True,
BY_FKS2-HS1_non_T0_3,BY4741,27+30,FKS2,HS1,FKS2-HS1,659,GCTGCTAAATATGCAGAGTCATATTTTTTT,TCTCATTGATGTAGTAGATAAAATCCTAAT,single_ortho,27+30,,T0,3,NS.2013.002.B710---B505.BY4741_PC_27-30_R1.fastq.gz,NS.2013.002.B710---B505.BY4741_PC_27-30_R2.fastq.gz,,True,
BY_FKS2-HS1_non_T2_1,BY4741,49,FKS2,HS1,FKS2-HS1,659,GCTGCTAAATATGCAGAGTCATATTTTTTT,TCTCATTGATGTAGTAGATAAAATCCTAAT,single_ortho,25+28,none,T2,1,NS.2013.002.B719---B511.BY4741_49_R1.fastq.gz,NS.2013.002.B719---B511.BY4741_49_R2.fastq.gz,,,
BY_FKS2-HS1_non_T2_2,BY4741,50,FKS2,HS1,FKS2-HS1,659,GCTGCTAAATATGCAGAGTCATATTTTTTT,TCTCATTGATGTAGTAGATAAAATCCTAAT,single_ortho,26+29,none,T2,2,NS.2013.002.D706---D501.BY4741_50_R1.fastq.gz,NS.2013.002.D706---D501.BY4741_50_R2.fastq.gz,,,
BY_FKS2-HS1_non_T2_3,BY4741,51,FKS2,HS1,FKS2-HS1,659,GCTGCTAAATATGCAGAGTCATATTTTTTT,TCTCATTGATGTAGTAGATAAAATCCTAAT,single_ortho,27+30,none,T2,3,NS.2013.002.D706---D502.BY4741_51_R1.fastq.gz,NS.2013.002.D706---D502.BY4741_51_R2.fastq.gz,,,
BY_FKS2-HS2_non_T2_1,BY4741,73,FKS2,HS2,FKS2-HS2,1372,ATTGGTTGTTACAACTTTCATCCTGCGATT,AAAAGCAATCCAAAAGACGATGAAAATAGA,single_ortho,37+40,none,T2,1,NS.2013.002.D706---D506.BY4741_73_R1.fastq.gz,NS.2013.002.D706---D506.BY4741_73_R2.fastq.gz,,,
BY_FKS2-HS2_non_T2_2,BY4741,74,FKS2,HS2,FKS2-HS2,1372,ATTGGTTGTTACAACTTTCATCCTGCGATT,AAAAGCAATCCAAAAGACGATGAAAATAGA,single_ortho,38+41,none,T2,2,NS.2013.002.D706---D507.BY4741_74_R1.fastq.gz,NS.2013.002.D706---D507.BY4741_74_R2.fastq.gz,t0 possibly compromised (mixed with 21+24),,
BY_FKS2-HS2_non_T2_3,BY4741,75,FKS2,HS2,FKS2-HS2,1372,ATTGGTTGTTACAACTTTCATCCTGCGATT,AAAAGCAATCCAAAAGACGATGAAAATAGA,single_ortho,39+42,none,T2,3,NS.2013.002.D706---D508.BY4741_75_R1.fastq.gz,NS.2013.002.D706---D508.BY4741_75_R2.fastq.gz,,,
BY_FKS2-HS2_T0_1,BY4741,37+40,FKS2,HS2,FKS2-HS2,1372,ATTGGTTGTTACAACTTTCATCCTGCGATT,AAAAGCAATCCAAAAGACGATGAAAATAGA,single_ortho,37+40,,T0,1,NS.2013.002.B711---B501.BY4741_PC_37-40_R1.fastq.gz,NS.2013.002.B711---B501.BY4741_PC_37-40_R2.fastq.gz,,True,
BY_FKS2-HS2_T0_2,BY4741,38+41,FKS2,HS2,FKS2-HS2,1372,ATTGGTTGTTACAACTTTCATCCTGCGATT,AAAAGCAATCCAAAAGACGATGAAAATAGA,single_ortho,38+41,,T0,2,NS.2013.002.B711---B502.BY4741_PC_38-41_R1.fastq.gz,NS.2013.002.B711---B502.BY4741_PC_38-41_R2.fastq.gz,t0 possibly compromised (mixed with 21+24),True,
BY_FKS2-HS2_T0_3,BY4741,39+42,FKS2,HS2,FKS2-HS2,1372,ATTGGTTGTTACAACTTTCATCCTGCGATT,AAAAGCAATCCAAAAGACGATGAAAATAGA,single_ortho,39+42,,T0,3,NS.2013.002.B711---B503.BY4741_PC_39-42_R1.fastq.gz,NS.2013.002.B711---B503.BY4741_PC_39-42_R2.fastq.gz,,True,
R11_FKS1-HS1_T0_1,R1158,1+4,FKS1,HS1,FKS1-HS1,639,TTTGCTGCCAAATATTCAGAATCGTACTAC,CCTCATTGCAGTGGTGGACAAAATTCTAAT,single_ortho,1+4,,T0,1,NS.2013.002.B712---B501.R1158_PC_1-4_R1.fastq.gz,NS.2013.002.B712---B501.R1158_PC_1-4_R2.fastq.gz,,,
R11_FKS1-HS1_T0_2,R1158,2+5,FKS1,HS1,FKS1-HS1,639,TTTGCTGCCAAATATTCAGAATCGTACTAC,CCTCATTGCAGTGGTGGACAAAATTCTAAT,single_ortho,2+5,,T0,2,NS.2013.002.B712---B502.R1158_PC_2-5_R1.fastq.gz,NS.2013.002.B712---B502.R1158_PC_2-5_R2.fastq.gz,,,
R11_FKS1-HS1_T0_3,R1158,3+6,FKS1,HS1,FKS1-HS1,639,TTTGCTGCCAAATATTCAGAATCGTACTAC,CCTCATTGCAGTGGTGGACAAAATTCTAAT,single_ortho,3+6,,T0,3,NS.2013.002.B712---B503.R1158_PC_3-6_R1.fastq.gz,NS.2013.002.B712---B503.R1158_PC_3-6_R2.fastq.gz,,,
R11_FKS1-HS1_non_T2_1,R1158,1,FKS1,HS1,FKS1-HS1,639,TTTGCTGCCAAATATTCAGAATCGTACTAC,CCTCATTGCAGTGGTGGACAAAATTCTAAT,single_ortho,1+4,none,T2,1,NS.2013.002.D707---D504.R1158_1_R1.fastq.gz,NS.2013.002.D707---D504.R1158_1_R2.fastq.gz,,,
R11_FKS1-HS1_non_T2_2,R1158,2,FKS1,HS1,FKS1-HS1,639,TTTGCTGCCAAATATTCAGAATCGTACTAC,CCTCATTGCAGTGGTGGACAAAATTCTAAT,single_ortho,2+5,none,T2,2,NS.2013.002.D707---D505.R1158_2_R1.fastq.gz,NS.2013.002.D707---D505.R1158_2_R2.fastq.gz,,,
R11_FKS1-HS1_non_T2_3,R1158,3,FKS1,HS1,FKS1-HS1,639,TTTGCTGCCAAATATTCAGAATCGTACTAC,CCTCATTGCAGTGGTGGACAAAATTCTAAT,single_ortho,3+6,none,T2,3,NS.2013.002.D707---D506.R1158_3_R1.fastq.gz,NS.2013.002.D707---D506.R1158_3_R2.fastq.gz,,,
R11_FKS1-HS1_dox_T2_1,R1158,4,FKS1,HS1,FKS1-HS1,639,TTTGCTGCCAAATATTCAGAATCGTACTAC,CCTCATTGCAGTGGTGGACAAAATTCTAAT,single_ortho,1+4,dox,T2,1,NS.2013.002.D707---D507.R1158_4_R1.fastq.gz,NS.2013.002.D707---D507.R1158_4_R2.fastq.gz,,,
R11_FKS1-HS1_dox_T2_2,R1158,5,FKS1,HS1,FKS1-HS1,639,TTTGCTGCCAAATATTCAGAATCGTACTAC,CCTCATTGCAGTGGTGGACAAAATTCTAAT,single_ortho,2+5,dox,T2,2,NS.2013.002.D707---D508.R1158_5_R1.fastq.gz,NS.2013.002.D707---D508.R1158_5_R2.fastq.gz,,,
R11_FKS1-HS1_dox_T2_3,R1158,6,FKS1,HS1,FKS1-HS1,639,TTTGCTGCCAAATATTCAGAATCGTACTAC,CCTCATTGCAGTGGTGGACAAAATTCTAAT,single_ortho,3+6,dox,T2,3,NS.2013.002.D708---D501.R1158_6_R1.fastq.gz,NS.2013.002.D708---D501.R1158_6_R2.fastq.gz,,,
R11_FKS1-HS1_cas_T2_1,R1158,7,FKS1,HS1,FKS1-HS1,639,TTTGCTGCCAAATATTCAGAATCGTACTAC,CCTCATTGCAGTGGTGGACAAAATTCTAAT,single_ortho,1+4,caspofungin,T2,1,NS.2013.002.D708---D502.R1158_7_R1.fastq.gz,NS.2013.002.D708---D502.R1158_7_R2.fastq.gz,,,
R11_FKS1-HS1_cas_T2_2,R1158,8,FKS1,HS1,FKS1-HS1,639,TTTGCTGCCAAATATTCAGAATCGTACTAC,CCTCATTGCAGTGGTGGACAAAATTCTAAT,single_ortho,2+5,caspofungin,T2,2,NS.2013.002.D708---D503.R1158_8_R1.fastq.gz,NS.2013.002.D708---D503.R1158_8_R2.fastq.gz,,,
R11_FKS1-HS1_cas_T2_3,R1158,9,FKS1,HS1,FKS1-HS1,639,TTTGCTGCCAAATATTCAGAATCGTACTAC,CCTCATTGCAGTGGTGGACAAAATTCTAAT,single_ortho,3+6,caspofungin,T2,3,NS.2013.002.D708---D504.R1158_9_R1.fastq.gz,NS.2013.002.D708---D504.R1158_9_R2.fastq.gz,,,
R11_FKS1-HS1_mic_T2_1,R1158,10,FKS1,HS1,FKS1-HS1,639,TTTGCTGCCAAATATTCAGAATCGTACTAC,CCTCATTGCAGTGGTGGACAAAATTCTAAT,single_ortho,1+4,micafungin,T2,1,NS.2013.002.D708---D505.R1158_10_R1.fastq.gz,NS.2013.002.D708---D505.R1158_10_R2.fastq.gz,,,
R11_FKS1-HS1_mic_T2_2,R1158,11,FKS1,HS1,FKS1-HS1,639,TTTGCTGCCAAATATTCAGAATCGTACTAC,CCTCATTGCAGTGGTGGACAAAATTCTAAT,single_ortho,2+5,micafungin,T2,2,NS.2013.002.B715---B505.R1158_11_R1.fastq.gz,NS.2013.002.B715---B505.R1158_11_R2.fastq.gz,,,
R11_FKS1-HS1_mic_T2_3,R1158,12,FKS1,HS1,FKS1-HS1,639,TTTGCTGCCAAATATTCAGAATCGTACTAC,CCTCATTGCAGTGGTGGACAAAATTCTAAT,single_ortho,3+6,micafungin,T2,3,NS.2013.002.D708---D507.R1158_12_R1.fastq.gz,NS.2013.002.D708---D507.R1158_12_R2.fastq.gz,,,
R11_FKS1-HS1_ani_T2_1,R1158,13,FKS1,HS1,FKS1-HS1,639,TTTGCTGCCAAATATTCAGAATCGTACTAC,CCTCATTGCAGTGGTGGACAAAATTCTAAT,single_ortho,1+4,anidulafungin,T2,1,NS.2013.002.D708---D508.R1158_13_R1.fastq.gz,NS.2013.002.D708---D508.R1158_13_R2.fastq.gz,,,
R11_FKS1-HS1_ani_T2_2,R1158,14,FKS1,HS1,FKS1-HS1,639,TTTGCTGCCAAATATTCAGAATCGTACTAC,CCTCATTGCAGTGGTGGACAAAATTCTAAT,single_ortho,2+5,anidulafungin,T2,2,NS.2013.002.D709---D501.R1158_14_R1.fastq.gz,NS.2013.002.D709---D501.R1158_14_R2.fastq.gz,,,
R11_FKS1-HS1_ani_T2_3,R1158,15,FKS1,HS1,FKS1-HS1,639,TTTGCTGCCAAATATTCAGAATCGTACTAC,CCTCATTGCAGTGGTGGACAAAATTCTAAT,single_ortho,3+6,anidulafungin,T2,3,NS.2013.002.D709---D502.R1158_15_R1.fastq.gz,NS.2013.002.D709---D502.R1158_15_R2.fastq.gz,,,
R11_FKS1-HS2_T0_1,R1158,13+16,FKS1,HS2,FKS1-HS2,1353,ATTGGGTGTTACAACTTCCAACCTGCGGTT,GAAGGCAATCCAGAAAACAATGAAAATAGA,single_ortho,13+16,,T0,1,NS.2013.002.B712---B507.R1158_PC_13-16_R1.fastq.gz,NS.2013.002.B712---B507.R1158_PC_13-16_R2.fastq.gz,,,
R11_FKS1-HS2_T0_2,R1158,14+17,FKS1,HS2,FKS1-HS2,1353,ATTGGGTGTTACAACTTCCAACCTGCGGTT,GAAGGCAATCCAGAAAACAATGAAAATAGA,single_ortho,14+17,,T0,2,NS.2013.002.B712---B508.R1158_PC_14-17_R1.fastq.gz,NS.2013.002.B712---B508.R1158_PC_14-17_R2.fastq.gz,,,
R11_FKS1-HS2_non_T2_1,R1158,31,FKS1,HS2,FKS1-HS2,1353,ATTGGGTGTTACAACTTCCAACCTGCGGTT,GAAGGCAATCCAGAAAACAATGAAAATAGA,single_ortho,13+16,none,T2,1,NS.2013.002.D711---D502.R1158_31_R1.fastq.gz,NS.2013.002.D711---D502.R1158_31_R2.fastq.gz,,,
R11_FKS1-HS2_non_T2_2,R1158,32,FKS1,HS2,FKS1-HS2,1353,ATTGGGTGTTACAACTTCCAACCTGCGGTT,GAAGGCAATCCAGAAAACAATGAAAATAGA,single_ortho,14+17,none,T2,2,NS.2013.002.D711---D503.R1158_32_R1.fastq.gz,NS.2013.002.D711---D503.R1158_32_R2.fastq.gz,,,
R11_FKS1-HS2_non_T2_3,R1158,33,FKS1,HS2,FKS1-HS2,1353,ATTGGGTGTTACAACTTCCAACCTGCGGTT,GAAGGCAATCCAGAAAACAATGAAAATAGA,single_ortho,15+18,none,T2,3,NS.2013.002.D711---D504.R1158_33_R1.fastq.gz,NS.2013.002.D711---D504.R1158_33_R2.fastq.gz,,,
R11_FKS1-HS2_dox_T2_1,R1158,34,FKS1,HS2,FKS1-HS2,1353,ATTGGGTGTTACAACTTCCAACCTGCGGTT,GAAGGCAATCCAGAAAACAATGAAAATAGA,single_ortho,13+16,dox,T2,1,NS.2013.002.B703---S513.R1158_34_R1.fastq.gz,NS.2013.002.B703---S513.R1158_34_R2.fastq.gz,,,
R11_FKS1-HS2_dox_T2_2,R1158,35,FKS1,HS2,FKS1-HS2,1353,ATTGGGTGTTACAACTTCCAACCTGCGGTT,GAAGGCAATCCAGAAAACAATGAAAATAGA,single_ortho,14+17,dox,T2,2,NS.2013.002.B703---S515.R1158_35_R1.fastq.gz,NS.2013.002.B703---S515.R1158_35_R2.fastq.gz,,,
R11_FKS1-HS2_dox_T2_3,R1158,36,FKS1,HS2,FKS1-HS2,1353,ATTGGGTGTTACAACTTCCAACCTGCGGTT,GAAGGCAATCCAGAAAACAATGAAAATAGA,single_ortho,15+18,dox,T2,3,NS.2013.002.B703---S516.R1158_36_R1.fastq.gz,NS.2013.002.B703---S516.R1158_36_R2.fastq.gz,,,
R11_FKS1-HS2_cas_T2_1,R1158,37,FKS1,HS2,FKS1-HS2,1353,ATTGGGTGTTACAACTTCCAACCTGCGGTT,GAAGGCAATCCAGAAAACAATGAAAATAGA,single_ortho,13+16,caspofungin,T2,1,NS.2013.002.B703---S517.R1158_37_R1.fastq.gz,NS.2013.002.B703---S517.R1158_37_R2.fastq.gz,,,
R11_FKS1-HS2_cas_T2_2,R1158,38,FKS1,HS2,FKS1-HS2,1353,ATTGGGTGTTACAACTTCCAACCTGCGGTT,GAAGGCAATCCAGAAAACAATGAAAATAGA,single_ortho,14+17,caspofungin,T2,2,NS.2013.002.N721---S513.R1158_38_R1.fastq.gz,NS.2013.002.N721---S513.R1158_38_R2.fastq.gz,,,
R11_FKS1-HS2_cas_T2_3,R1158,39,FKS1,HS2,FKS1-HS2,1353,ATTGGGTGTTACAACTTCCAACCTGCGGTT,GAAGGCAATCCAGAAAACAATGAAAATAGA,single_ortho,15+18,caspofungin,T2,3,NS.2013.002.N721---S515.R1158_39_R1.fastq.gz,NS.2013.002.N721---S515.R1158_39_R2.fastq.gz,,,
11_FKS1-HS2_mic_T2_1,R1158,40,FKS1,HS2,FKS1-HS2,1353,ATTGGGTGTTACAACTTCCAACCTGCGGTT,GAAGGCAATCCAGAAAACAATGAAAATAGA,single_ortho,13+16,micafungin,T2,1,NS.2013.002.N721---S516.R1158_40_R1.fastq.gz,NS.2013.002.N721---S516.R1158_40_R2.fastq.gz,,,
R11_FKS1-HS2_mic_T2_2,R1158,41,FKS1,HS2,FKS1-HS2,1353,ATTGGGTGTTACAACTTCCAACCTGCGGTT,GAAGGCAATCCAGAAAACAATGAAAATAGA,single_ortho,14+17,micafungin,T2,2,NS.2013.002.N721---S517.R1158_41_R1.fastq.gz,NS.2013.002.N721---S517.R1158_41_R2.fastq.gz,,,
R11_FKS1-HS2_mic_T2_3,R1158,42,FKS1,HS2,FKS1-HS2,1353,ATTGGGTGTTACAACTTCCAACCTGCGGTT,GAAGGCAATCCAGAAAACAATGAAAATAGA,single_ortho,15+18,micafungin,T2,3,NS.2013.002.N721---S518.R1158_42_R1.fastq.gz,NS.2013.002.N721---S518.R1158_42_R2.fastq.gz,,,
R11_FKS1-HS2_ani_T2_1,R1158,43,FKS1,HS2,FKS1-HS2,1353,ATTGGGTGTTACAACTTCCAACCTGCGGTT,GAAGGCAATCCAGAAAACAATGAAAATAGA,single_ortho,13+16,anidulafungin,T2,1,NS.2013.002.N721---S520.R1158_43_R1.fastq.gz,NS.2013.002.N721---S520.R1158_43_R2.fastq.gz,,,
R11_FKS1-HS2_ani_T2_2,R1158,44,FKS1,HS2,FKS1-HS2,1353,ATTGGGTGTTACAACTTCCAACCTGCGGTT,GAAGGCAATCCAGAAAACAATGAAAATAGA,single_ortho,14+17,anidulafungin,T2,2,NS.2013.002.N721---S521.R1158_44_R1.fastq.gz,NS.2013.002.N721---S521.R1158_44_R2.fastq.gz,,,
R11_FKS1-HS2_ani_T2_3,R1158,45,FKS1,HS2,FKS1-HS2,1353,ATTGGGTGTTACAACTTCCAACCTGCGGTT,GAAGGCAATCCAGAAAACAATGAAAATAGA,single_ortho,15+18,anidulafungin,T2,3,NS.2013.002.N721---S522.R1158_45_R1.fastq.gz,NS.2013.002.N721---S522.R1158_45_R2.fastq.gz,,,
R11_FKS2-HS1_T0_1,R1158,25+28,FKS2,HS1,FKS2-HS1,659,GCTGCTAAATATGCAGAGTCATATTTTTTT,TCTCATTGATGTAGTAGATAAAATCCTAAT,single_ortho,25+28,,T0,1,NS.2013.002.B713---B505.R1158_PC_25-28_R1.fastq.gz,NS.2013.002.B713---B505.R1158_PC_25-28_R2.fastq.gz,,True,True
R11_FKS2-HS1_T0_2,R1158,26+29,FKS2,HS1,FKS2-HS1,659,GCTGCTAAATATGCAGAGTCATATTTTTTT,TCTCATTGATGTAGTAGATAAAATCCTAAT,single_ortho,26+29,,T0,2,NS.2013.002.B713---B506.R1158_PC_26-29_R1.fastq.gz,NS.2013.002.B713---B506.R1158_PC_26-29_R2.fastq.gz,,True,True
R11_FKS2-HS1_T0_3,R1158,27+30,FKS2,HS1,FKS2-HS1,659,GCTGCTAAATATGCAGAGTCATATTTTTTT,TCTCATTGATGTAGTAGATAAAATCCTAAT,single_ortho,27+30,,T0,3,NS.2013.002.B713---B507.R1158_PC_27-30_R1.fastq.gz,NS.2013.002.B713---B507.R1158_PC_27-30_R2.fastq.gz,,True,True
R11_FKS2-HS1_non_T2_1,R1158,61,FKS2,HS1,FKS2-HS1,659,GCTGCTAAATATGCAGAGTCATATTTTTTT,TCTCATTGATGTAGTAGATAAAATCCTAAT,single_ortho,25+28,none,T2,1,NS.2013.002.N723---S522.R1158_61_R1.fastq.gz,NS.2013.002.N723---S522.R1158_61_R2.fastq.gz,,True,True
R11_FKS2-HS1_non_T2_2,R1158,62,FKS2,HS1,FKS2-HS1,659,GCTGCTAAATATGCAGAGTCATATTTTTTT,TCTCATTGATGTAGTAGATAAAATCCTAAT,single_ortho,26+29,none,T2,2,NS.2013.002.N724---S513.R1158_62_R1.fastq.gz,NS.2013.002.N724---S513.R1158_62_R2.fastq.gz,,True,True
R11_FKS2-HS1_non_T2_3,R1158,63,FKS2,HS1,FKS2-HS1,659,GCTGCTAAATATGCAGAGTCATATTTTTTT,TCTCATTGATGTAGTAGATAAAATCCTAAT,single_ortho,27+30,none,T2,3,NS.2013.002.N724---S515.R1158_63_R1.fastq.gz,NS.2013.002.N724---S515.R1158_63_R2.fastq.gz,,True,True
R11_FKS2-HS1_dox_T2_1,R1158,64,FKS2,HS1,FKS2-HS1,659,GCTGCTAAATATGCAGAGTCATATTTTTTT,TCTCATTGATGTAGTAGATAAAATCCTAAT,single_ortho,25+28,dox,T2,1,NS.2013.002.N724---S516.R1158_64_R1.fastq.gz,NS.2013.002.N724---S516.R1158_64_R2.fastq.gz,,True,True
R11_FKS2-HS1_dox_T2_2,R1158,65,FKS2,HS1,FKS2-HS1,659,GCTGCTAAATATGCAGAGTCATATTTTTTT,TCTCATTGATGTAGTAGATAAAATCCTAAT,single_ortho,26+29,dox,T2,2,NS.2013.002.N724---S517.R1158_65_R1.fastq.gz,NS.2013.002.N724---S517.R1158_65_R2.fastq.gz,,True,True
R11_FKS2-HS1_dox_T2_3,R1158,66,FKS2,HS1,FKS2-HS1,659,GCTGCTAAATATGCAGAGTCATATTTTTTT,TCTCATTGATGTAGTAGATAAAATCCTAAT,single_ortho,27+30,dox,T2,3,NS.2013.002.N724---S518.R1158_66_R1.fastq.gz,NS.2013.002.N724---S518.R1158_66_R2.fastq.gz,,True,True
R11_FKS2-HS1_cas_T2_1,R1158,67,FKS2,HS1,FKS2-HS1,659,GCTGCTAAATATGCAGAGTCATATTTTTTT,TCTCATTGATGTAGTAGATAAAATCCTAAT,single_ortho,25+28,caspofungin,T2,1,NS.2013.002.N724---S520.R1158_67_R1.fastq.gz,NS.2013.002.N724---S520.R1158_67_R2.fastq.gz,,True,True
R11_FKS2-HS1_cas_T2_2,R1158,68,FKS2,HS1,FKS2-HS1,659,GCTGCTAAATATGCAGAGTCATATTTTTTT,TCTCATTGATGTAGTAGATAAAATCCTAAT,single_ortho,26+29,caspofungin,T2,2,NS.2013.002.N724---S521.R1158_68_R1.fastq.gz,NS.2013.002.N724---S521.R1158_68_R2.fastq.gz,,True,True
R11_FKS2-HS1_cas_T2_3,R1158,69,FKS2,HS1,FKS2-HS1,659,GCTGCTAAATATGCAGAGTCATATTTTTTT,TCTCATTGATGTAGTAGATAAAATCCTAAT,single_ortho,27+30,caspofungin,T2,3,NS.2013.002.N724---S522.R1158_69_R1.fastq.gz,NS.2013.002.N724---S522.R1158_69_R2.fastq.gz,,True,True
R11_FKS2-HS1_mic_T2_1,R1158,70,FKS2,HS1,FKS2-HS1,659,GCTGCTAAATATGCAGAGTCATATTTTTTT,TCTCATTGATGTAGTAGATAAAATCCTAAT,single_ortho,25+28,micafungin,T2,1,NS.2013.002.N726---S513.R1158_70_R1.fastq.gz,NS.2013.002.N726---S513.R1158_70_R2.fastq.gz,,True,True
R11_FKS2-HS1_mic_T2_2,R1158,71,FKS2,HS1,FKS2-HS1,659,GCTGCTAAATATGCAGAGTCATATTTTTTT,TCTCATTGATGTAGTAGATAAAATCCTAAT,single_ortho,26+29,micafungin,T2,2,NS.2013.002.N726---S515.R1158_71_R1.fastq.gz,NS.2013.002.N726---S515.R1158_71_R2.fastq.gz,,True,True
R11_FKS2-HS1_mic_T2_3,R1158,72,FKS2,HS1,FKS2-HS1,659,GCTGCTAAATATGCAGAGTCATATTTTTTT,TCTCATTGATGTAGTAGATAAAATCCTAAT,single_ortho,27+30,micafungin,T2,3,NS.2013.002.N726---S516.R1158_72_R1.fastq.gz,NS.2013.002.N726---S516.R1158_72_R2.fastq.gz,,True,True
R11_FKS2-HS1_ani_T2_1,R1158,73,FKS2,HS1,FKS2-HS1,659,GCTGCTAAATATGCAGAGTCATATTTTTTT,TCTCATTGATGTAGTAGATAAAATCCTAAT,single_ortho,25+28,anidulafungin,T2,1,NS.2013.002.N726---S517.R1158_73_R1.fastq.gz,NS.2013.002.N726---S517.R1158_73_R2.fastq.gz,,True,True
R11_FKS2-HS1_ani_T2_2,R1158,74,FKS2,HS1,FKS2-HS1,659,GCTGCTAAATATGCAGAGTCATATTTTTTT,TCTCATTGATGTAGTAGATAAAATCCTAAT,single_ortho,26+29,anidulafungin,T2,2,NS.2013.002.N726---S518.R1158_74_R1.fastq.gz,NS.2013.002.N726---S518.R1158_74_R2.fastq.gz,,True,True
R11_FKS2-HS1_ani_T2_3,R1158,75,FKS2,HS1,FKS2-HS1,659,GCTGCTAAATATGCAGAGTCATATTTTTTT,TCTCATTGATGTAGTAGATAAAATCCTAAT,single_ortho,27+30,anidulafungin,T2,3,NS.2013.002.N726---S520.R1158_75_R1.fastq.gz,NS.2013.002.N726---S520.R1158_75_R2.fastq.gz,,True,True
R11_FKS2-HS2_T0_1,R1158,37+40,FKS2,HS2,FKS2-HS2,1372,ATTGGTTGTTACAACTTTCATCCTGCGATT,AAAAGCAATCCAAAAGACGATGAAAATAGA,single_ortho,37+40,,T0,1,NS.2013.002.B714---B503.R1158_PC_37-40_R1.fastq.gz,NS.2013.002.B714---B503.R1158_PC_37-40_R2.fastq.gz,,True,True
R11_FKS2-HS2_T0_2,R1158,38+41,FKS2,HS2,FKS2-HS2,1372,ATTGGTTGTTACAACTTTCATCCTGCGATT,AAAAGCAATCCAAAAGACGATGAAAATAGA,single_ortho,38+41,,T0,2,NS.2013.002.B714---B504.R1158_PC_38-41_R1.fastq.gz,NS.2013.002.B714---B504.R1158_PC_38-41_R2.fastq.gz,,True,True
R11_FKS2-HS2_T0_3,R1158,39+42,FKS2,HS2,FKS2-HS2,1372,ATTGGTTGTTACAACTTTCATCCTGCGATT,AAAAGCAATCCAAAAGACGATGAAAATAGA,single_ortho,39+42,,T0,3,NS.2013.002.B714---B505.R1158_PC_39-42_R1.fastq.gz,NS.2013.002.B714---B505.R1158_PC_39-42_R2.fastq.gz,,True,True
R11_FKS2-HS2_non_T2_1,R1158,91,FKS2,HS2,FKS2-HS2,1372,ATTGGTTGTTACAACTTTCATCCTGCGATT,AAAAGCAATCCAAAAGACGATGAAAATAGA,single_ortho,37+40,none,T2,1,NS.2013.002.N728---S520.R1158_91_R1.fastq.gz,NS.2013.002.N728---S520.R1158_91_R2.fastq.gz,,True,True
R11_FKS2-HS2_non_T2_2,R1158,92,FKS2,HS2,FKS2-HS2,1372,ATTGGTTGTTACAACTTTCATCCTGCGATT,AAAAGCAATCCAAAAGACGATGAAAATAGA,single_ortho,38+41,none,T2,2,NS.2013.002.N728---S521.R1158_92_R1.fastq.gz,NS.2013.002.N728---S521.R1158_92_R2.fastq.gz,,True,True
R11_FKS2-HS2_non_T2_3,R1158,93,FKS2,HS2,FKS2-HS2,1372,ATTGGTTGTTACAACTTTCATCCTGCGATT,AAAAGCAATCCAAAAGACGATGAAAATAGA,single_ortho,39+42,none,T2,3,NS.2013.002.N728---S522.R1158_93_R1.fastq.gz,NS.2013.002.N728---S522.R1158_93_R2.fastq.gz,,True,True
R11_FKS2-HS2_dox_T2_1,R1158,94,FKS2,HS2,FKS2-HS2,1372,ATTGGTTGTTACAACTTTCATCCTGCGATT,AAAAGCAATCCAAAAGACGATGAAAATAGA,single_ortho,37+40,dox,T2,1,NS.2013.002.N729---S513.R1158_94_R1.fastq.gz,NS.2013.002.N729---S513.R1158_94_R2.fastq.gz,,True,True
R11_FKS2-HS2_dox_T2_2,R1158,95,FKS2,HS2,FKS2-HS2,1372,ATTGGTTGTTACAACTTTCATCCTGCGATT,AAAAGCAATCCAAAAGACGATGAAAATAGA,single_ortho,38+41,dox,T2,2,NS.2013.002.N729---S515.R1158_95_R1.fastq.gz,NS.2013.002.N729---S515.R1158_95_R2.fastq.gz,,True,True
R11_FKS2-HS2_dox_T2_3,R1158,96,FKS2,HS2,FKS2-HS2,1372,ATTGGTTGTTACAACTTTCATCCTGCGATT,AAAAGCAATCCAAAAGACGATGAAAATAGA,single_ortho,39+42,dox,T2,3,NS.2013.002.N729---S516.R1158_96_R1.fastq.gz,NS.2013.002.N729---S516.R1158_96_R2.fastq.gz,,True,True
R11_FKS2-HS2_cas_T2_1,R1158,97,FKS2,HS2,FKS2-HS2,1372,ATTGGTTGTTACAACTTTCATCCTGCGATT,AAAAGCAATCCAAAAGACGATGAAAATAGA,single_ortho,37+40,caspofungin,T2,1,NS.2013.002.N729---S517.R1158_97_R1.fastq.gz,NS.2013.002.N729---S517.R1158_97_R2.fastq.gz,,True,True
R11_FKS2-HS2_cas_T2_2,R1158,98,FKS2,HS2,FKS2-HS2,1372,ATTGGTTGTTACAACTTTCATCCTGCGATT,AAAAGCAATCCAAAAGACGATGAAAATAGA,single_ortho,38+41,caspofungin,T2,2,NS.2013.002.N729---S518.R1158_98_R1.fastq.gz,NS.2013.002.N729---S518.R1158_98_R2.fastq.gz,,True,True
R11_FKS2-HS2_cas_T2_3,R1158,99,FKS2,HS2,FKS2-HS2,1372,ATTGGTTGTTACAACTTTCATCCTGCGATT,AAAAGCAATCCAAAAGACGATGAAAATAGA,single_ortho,39+42,caspofungin,T2,3,NS.2013.002.N729---S520.R1158_99_R1.fastq.gz,NS.2013.002.N729---S520.R1158_99_R2.fastq.gz,,True,True
R11_FKS2-HS2_mic_T2_1,R1158,100,FKS2,HS2,FKS2-HS2,1372,ATTGGTTGTTACAACTTTCATCCTGCGATT,AAAAGCAATCCAAAAGACGATGAAAATAGA,single_ortho,37+40,micafungin,T2,1,NS.2013.002.N729---S521.R1158_100_R1.fastq.gz,NS.2013.002.N729---S521.R1158_100_R2.fastq.gz,,True,True
R11_FKS2-HS2_mic_T2_2,R1158,101,FKS2,HS2,FKS2-HS2,1372,ATTGGTTGTTACAACTTTCATCCTGCGATT,AAAAGCAATCCAAAAGACGATGAAAATAGA,single_ortho,38+41,micafungin,T2,2,NS.2013.002.N729---S522.R1158_101_R1.fastq.gz,NS.2013.002.N729---S522.R1158_101_R2.fastq.gz,,True,True
R11_FKS2-HS2_mic_T2_3,R1158,102,FKS2,HS2,FKS2-HS2,1372,ATTGGTTGTTACAACTTTCATCCTGCGATT,AAAAGCAATCCAAAAGACGATGAAAATAGA,single_ortho,39+42,micafungin,T2,3,NS.2013.002.B701---S513.R1158_102_R1.fastq.gz,NS.2013.002.B701---S513.R1158_102_R2.fastq.gz,,True,True
R11_FKS2-HS2_ani_T2_2,R1158,104,FKS2,HS2,FKS2-HS2,1372,ATTGGTTGTTACAACTTTCATCCTGCGATT,AAAAGCAATCCAAAAGACGATGAAAATAGA,single_ortho,38+41,anidulafungin,T2,2,NS.2013.002.B701---S515.R1158_104_R1.fastq.gz,NS.2013.002.B701---S515.R1158_104_R2.fastq.gz,,True,True
R11_FKS2-HS2_ani_T2_3,R1158,105,FKS2,HS2,FKS2-HS2,1372,ATTGGTTGTTACAACTTTCATCCTGCGATT,AAAAGCAATCCAAAAGACGATGAAAATAGA,single_ortho,39+42,anidulafungin,T2,3,NS.2013.002.B701---S516.R1158_105_R1.fastq.gz,NS.2013.002.B701---S516.R1158_105_R2.fastq.gz,,True,True