plate	well	compound	aa_seq	genotype	clone	Sanger_validated
1	A1	none	LVLSLRDP	F639delta	2	False
1	B1	none	LVLSLRDP	F639delta	3	False
1	C1	none	FVLSLRDP	L40delta	3	False
1	D1	none	FVLSLRDP	L40delta	4	False
1	E1	none	FLLSLRDP	V641delta	3	False
1	F1	none	FLLSLRDP	V641delta	4	False
1	G1	none	FLVSLRDP	L642delta	3	False
1	H1	none	FLVSLRDP	L642delta	4	False
1	A2	none	FLVLLRDP	S643delta	3	False
1	B2	none	FLVLLRDP	S643delta	4	False
1	C2	none	FLVLSRDP	L644delta	3	False
1	D2	none	FLVLSRDP	L644delta	4	False
1	E2	none	FLVLSLDP	R645delta	3	False
1	F2	none	FLVLSLDP	R645delta	4	False
1	G2	none	FLVLSLRP	D646delta	3	False
1	H2	none	FLVLSLRP	D646delta	4	False
1	A3	none	FLVLSLRD	P647delta	3	False
1	B3	none	FLVLSLRD	P647delta	4	False
1	C3	none	CLVLSLRDP	F639C	1	True
1	D3	none	CLVLSLRDP	F639C	2	True
1	E3	none	FDVLSLRDP	L640D	1	True
1	F3	none	FDVLSLRDP	L640D	2	True
1	G3	none	FLVGSLRDP	L642G	3	True
1	H3	none	FLVGSLRDP	L642G	4	False
1	A4	none	FLVLSLRDQ	P647Q	2	True
1	B4	none	FLVLSLRDQ	P647Q	3	False
1	C4	none	FLVLSLRDN	P647N	1	True
1	D4	none	FLVLSLRDN	P647N	3	True
1	E4	none	VLVLSLRDP	F639V	1	True
1	F4	none	VLVLSLRDP	F639V	2	True
1	G4	none	SLVLSLRDP	F639S	3	True
1	H4	none	SLVLSLRDP	F639S	4	True
1	A5	none	FLVYSLRDP	L642Y	1	True
1	B5	none	FLVYSLRDP	L642Y	2	True
1	C5	none	FLVFSLRDP	L642F	3	True
1	D5	none	FLVFSLRDP	L642F	4	False
1	E5	none	FLVLPLRDP	S643P	3	False
1	F5	none	FLVLPLRDP	S643P	4	True
1	G5	none	FLVLFLRDP	S643F	1	True
1	H5	none	FLVLFLRDP	S643F	2	True
1	A6	none	FLVLYLRDP	S643Y	3	False
1	B6	none	FLVLYLRDP	S643Y	4	True
1	C6	none	FLVLCLRDP	S643C	3	True
1	D6	none	FLVLCLRDP	S643C	4	True
1	E6	none	FLVLSLRDA	P647A	3	False
1	F6	none	FLVLSLRDA	P647A	4	False
1	G6	none	FKVLSLRDP	L640K	1	True
1	H6	none	FKVLSLRDP	L640K	3	True
1	A7	none	FLSLSLRDP	V641S	1	True
1	B7	none	FLSLSLRDP	V641S	2	True
1	C7	none	FGVLSLRDP	L640G	2	True
1	D7	none	FGVLSLRDP	L640G	3	True
1	E7	none	FLVLSLRWP	D646W	3	True
1	F7	none	FLVLSLRWP	D646W	4	False
1	G7	none	DLVLSLRDP	F639D	1	True
1	H7	none	DLVLSLRDP	F639D	2	True
1	A8	none	ELVLSLRDP	F639E	2	True
1	B8	none	ELVLSLRDP	F639E	3	False
1	C8	none	FLFLSLRDP	V641F	2	True
1	D8	none	FLFLSLRDP	V641F	3	True
1	E8	none	FLHLSLRDP	V641H	1	True
1	F8	none	FLHLSLRDP	V641H	2	True
1	G8	none	FLVKSLRDP	L642K	1	True
1	H8	none	FLVKSLRDP	L642K	4	False
1	A9	none	FLVLLLRDP	S643L	1	True
1	B9	none	FLVLLLRDP	S643L	3	False
1	C9	none	FLVLSLDDP	R645D	1	True
1	D9	none	FLVLSLDDP	R645D	2	True
1	E9	none	FLVLSLSDP	R645S	3	True
1	F9	none	FLVLSLSDP	R645S	4	True
1	G9	none	FLWLSLRDP	V641W	1	True
1	H9	none	FLWLSLRDP	V641W	2	True
1	A10	none	FLVLSLQDP	R645Q	1	True
1	B10	none	FLVLSLQDP	R645Q	3	True
1	C10	none	QLVLSLRDP	F639Q	2	True
1	D10	none	QLVLSLRDP	F639Q	3	False
1	E10	none	FLVLSLRDP	WT	1	True
1	F10	none	FLVLSLRDP	WT	2	True
1	G10	none	FLVLSLRDP	BY	1	True
1	H10	none	FLVLSLRDP	BY	2	True
3	A1	micafungin	LVLSLRDP	F639delta	2	False
3	B1	micafungin	LVLSLRDP	F639delta	3	False
3	C1	micafungin	FVLSLRDP	L40delta	3	False
3	D1	micafungin	FVLSLRDP	L40delta	4	False
3	E1	micafungin	FLLSLRDP	V641delta	3	False
3	F1	micafungin	FLLSLRDP	V641delta	4	False
3	G1	micafungin	FLVSLRDP	L642delta	3	False
3	H1	micafungin	FLVSLRDP	L642delta	4	False
3	A2	micafungin	FLVLLRDP	S643delta	3	False
3	B2	micafungin	FLVLLRDP	S643delta	4	False
3	C2	micafungin	FLVLSRDP	L644delta	3	False
3	D2	micafungin	FLVLSRDP	L644delta	4	False
3	E2	micafungin	FLVLSLDP	R645delta	3	False
3	F2	micafungin	FLVLSLDP	R645delta	4	False
3	G2	micafungin	FLVLSLRP	D646delta	3	False
3	H2	micafungin	FLVLSLRP	D646delta	4	False
3	A3	micafungin	FLVLSLRD	P647delta	3	False
3	B3	micafungin	FLVLSLRD	P647delta	4	False
3	C3	micafungin	CLVLSLRDP	F639C	1	True
3	D3	micafungin	CLVLSLRDP	F639C	2	True
3	E3	micafungin	FDVLSLRDP	L640D	1	True
3	F3	micafungin	FDVLSLRDP	L640D	2	True
3	G3	micafungin	FLVGSLRDP	L642G	3	True
3	H3	micafungin	FLVGSLRDP	L642G	4	False
3	A4	micafungin	FLVLSLRDQ	P647Q	2	True
3	B4	micafungin	FLVLSLRDQ	P647Q	3	False
3	C4	micafungin	FLVLSLRDN	P647N	1	True
3	D4	micafungin	FLVLSLRDN	P647N	3	True
3	E4	micafungin	VLVLSLRDP	F639V	1	True
3	F4	micafungin	VLVLSLRDP	F639V	2	True
3	G4	micafungin	SLVLSLRDP	F639S	3	True
3	H4	micafungin	SLVLSLRDP	F639S	4	True
3	A5	micafungin	FLVYSLRDP	L642Y	1	True
3	B5	micafungin	FLVYSLRDP	L642Y	2	True
3	C5	micafungin	FLVFSLRDP	L642F	3	True
3	D5	micafungin	FLVFSLRDP	L642F	4	False
3	E5	micafungin	FLVLPLRDP	S643P	3	False
3	F5	micafungin	FLVLPLRDP	S643P	4	True
3	G5	micafungin	FLVLFLRDP	S643F	1	True
3	H5	micafungin	FLVLFLRDP	S643F	2	True
3	A6	micafungin	FLVLYLRDP	S643Y	3	False
3	B6	micafungin	FLVLYLRDP	S643Y	4	True
3	C6	micafungin	FLVLCLRDP	S643C	3	True
3	D6	micafungin	FLVLCLRDP	S643C	4	True
3	E6	micafungin	FLVLSLRDA	P647A	3	False
3	F6	micafungin	FLVLSLRDA	P647A	4	False
3	G6	micafungin	FKVLSLRDP	L640K	1	True
3	H6	micafungin	FKVLSLRDP	L640K	3	True
3	A7	micafungin	FLSLSLRDP	V641S	1	True
3	B7	micafungin	FLSLSLRDP	V641S	2	True
3	C7	micafungin	FGVLSLRDP	L640G	2	True
3	D7	micafungin	FGVLSLRDP	L640G	3	True
3	E7	micafungin	FLVLSLRWP	D646W	3	True
3	F7	micafungin	FLVLSLRWP	D646W	4	False
3	G7	micafungin	DLVLSLRDP	F639D	1	True
3	H7	micafungin	DLVLSLRDP	F639D	2	True
3	A8	micafungin	ELVLSLRDP	F639E	2	True
3	B8	micafungin	ELVLSLRDP	F639E	3	False
3	C8	micafungin	FLFLSLRDP	V641F	2	True
3	D8	micafungin	FLFLSLRDP	V641F	3	True
3	E8	micafungin	FLHLSLRDP	V641H	1	True
3	F8	micafungin	FLHLSLRDP	V641H	2	True
3	G8	micafungin	FLVKSLRDP	L642K	1	True
3	H8	micafungin	FLVKSLRDP	L642K	4	False
3	A9	micafungin	FLVLLLRDP	S643L	1	True
3	B9	micafungin	FLVLLLRDP	S643L	3	False
3	C9	micafungin	FLVLSLDDP	R645D	1	True
3	D9	micafungin	FLVLSLDDP	R645D	2	True
3	E9	micafungin	FLVLSLSDP	R645S	3	True
3	F9	micafungin	FLVLSLSDP	R645S	4	True
3	G9	micafungin	FLWLSLRDP	V641W	1	True
3	H9	micafungin	FLWLSLRDP	V641W	2	True
3	A10	micafungin	FLVLSLQDP	R645Q	1	True
3	B10	micafungin	FLVLSLQDP	R645Q	3	True
3	C10	micafungin	QLVLSLRDP	F639Q	2	True
3	D10	micafungin	QLVLSLRDP	F639Q	3	False
3	E10	micafungin	FLVLSLRDP	WT	1	True
3	F10	micafungin	FLVLSLRDP	WT	2	True
3	G10	micafungin	FLVLSLRDP	BY	1	True
3	H10	micafungin	FLVLSLRDP	BY	2	True
2	A1	caspofungin	LVLSLRDP	F639delta	2	False
2	B1	caspofungin	LVLSLRDP	F639delta	3	False
2	C1	caspofungin	FVLSLRDP	L40delta	3	False
2	D1	caspofungin	FVLSLRDP	L40delta	4	False
2	E1	caspofungin	FLLSLRDP	V641delta	3	False
2	F1	caspofungin	FLLSLRDP	V641delta	4	False
2	G1	caspofungin	FLVSLRDP	L642delta	3	False
2	H1	caspofungin	FLVSLRDP	L642delta	4	False
2	A2	caspofungin	FLVLLRDP	S643delta	3	False
2	B2	caspofungin	FLVLLRDP	S643delta	4	False
2	C2	caspofungin	FLVLSRDP	L644delta	3	False
2	D2	caspofungin	FLVLSRDP	L644delta	4	False
2	E2	caspofungin	FLVLSLDP	R645delta	3	False
2	F2	caspofungin	FLVLSLDP	R645delta	4	False
2	G2	caspofungin	FLVLSLRP	D646delta	3	False
2	H2	caspofungin	FLVLSLRP	D646delta	4	False
2	A3	caspofungin	FLVLSLRD	P647delta	3	False
2	B3	caspofungin	FLVLSLRD	P647delta	4	False
2	C3	caspofungin	CLVLSLRDP	F639C	1	True
2	D3	caspofungin	CLVLSLRDP	F639C	2	True
2	E3	caspofungin	FDVLSLRDP	L640D	1	True
2	F3	caspofungin	FDVLSLRDP	L640D	2	True
2	G3	caspofungin	FLVGSLRDP	L642G	3	True
2	H3	caspofungin	FLVGSLRDP	L642G	4	False
2	A4	caspofungin	FLVLSLRDQ	P647Q	2	True
2	B4	caspofungin	FLVLSLRDQ	P647Q	3	False
2	C4	caspofungin	FLVLSLRDN	P647N	1	True
2	D4	caspofungin	FLVLSLRDN	P647N	3	True
2	E4	caspofungin	VLVLSLRDP	F639V	1	True
2	F4	caspofungin	VLVLSLRDP	F639V	2	True
2	G4	caspofungin	SLVLSLRDP	F639S	3	True
2	H4	caspofungin	SLVLSLRDP	F639S	4	True
2	A5	caspofungin	FLVYSLRDP	L642Y	1	True
2	B5	caspofungin	FLVYSLRDP	L642Y	2	True
2	C5	caspofungin	FLVFSLRDP	L642F	3	True
2	D5	caspofungin	FLVFSLRDP	L642F	4	False
2	E5	caspofungin	FLVLPLRDP	S643P	3	False
2	F5	caspofungin	FLVLPLRDP	S643P	4	True
2	G5	caspofungin	FLVLFLRDP	S643F	1	True
2	H5	caspofungin	FLVLFLRDP	S643F	2	True
2	A6	caspofungin	FLVLYLRDP	S643Y	3	False
2	B6	caspofungin	FLVLYLRDP	S643Y	4	True
2	C6	caspofungin	FLVLCLRDP	S643C	3	True
2	D6	caspofungin	FLVLCLRDP	S643C	4	True
2	E6	caspofungin	FLVLSLRDA	P647A	3	False
2	F6	caspofungin	FLVLSLRDA	P647A	4	False
2	G6	caspofungin	FKVLSLRDP	L640K	1	True
2	H6	caspofungin	FKVLSLRDP	L640K	3	True
2	A7	caspofungin	FLSLSLRDP	V641S	1	True
2	B7	caspofungin	FLSLSLRDP	V641S	2	True
2	C7	caspofungin	FGVLSLRDP	L640G	2	True
2	D7	caspofungin	FGVLSLRDP	L640G	3	True
2	E7	caspofungin	FLVLSLRWP	D646W	3	True
2	F7	caspofungin	FLVLSLRWP	D646W	4	False
2	G7	caspofungin	DLVLSLRDP	F639D	1	True
2	H7	caspofungin	DLVLSLRDP	F639D	2	True
2	A8	caspofungin	ELVLSLRDP	F639E	2	True
2	B8	caspofungin	ELVLSLRDP	F639E	3	False
2	C8	caspofungin	FLFLSLRDP	V641F	2	True
2	D8	caspofungin	FLFLSLRDP	V641F	3	True
2	E8	caspofungin	FLHLSLRDP	V641H	1	True
2	F8	caspofungin	FLHLSLRDP	V641H	2	True
2	G8	caspofungin	FLVKSLRDP	L642K	1	True
2	H8	caspofungin	FLVKSLRDP	L642K	4	False
2	A9	caspofungin	FLVLLLRDP	S643L	1	True
2	B9	caspofungin	FLVLLLRDP	S643L	3	False
2	C9	caspofungin	FLVLSLDDP	R645D	1	True
2	D9	caspofungin	FLVLSLDDP	R645D	2	True
2	E9	caspofungin	FLVLSLSDP	R645S	3	True
2	F9	caspofungin	FLVLSLSDP	R645S	4	True
2	G9	caspofungin	FLWLSLRDP	V641W	1	True
2	H9	caspofungin	FLWLSLRDP	V641W	2	True
2	A10	caspofungin	FLVLSLQDP	R645Q	1	True
2	B10	caspofungin	FLVLSLQDP	R645Q	3	True
2	C10	caspofungin	QLVLSLRDP	F639Q	2	True
2	D10	caspofungin	QLVLSLRDP	F639Q	3	False
2	E10	caspofungin	FLVLSLRDP	WT	1	True
2	F10	caspofungin	FLVLSLRDP	WT	2	True
2	G10	caspofungin	FLVLSLRDP	BY	1	True
2	H10	caspofungin	FLVLSLRDP	BY	2	True
4	A1	anidulafungin	LVLSLRDP	F639delta	2	False
4	B1	anidulafungin	LVLSLRDP	F639delta	3	False
4	C1	anidulafungin	FVLSLRDP	L40delta	3	False
4	D1	anidulafungin	FVLSLRDP	L40delta	4	False
4	E1	anidulafungin	FLLSLRDP	V641delta	3	False
4	F1	anidulafungin	FLLSLRDP	V641delta	4	False
4	G1	anidulafungin	FLVSLRDP	L642delta	3	False
4	H1	anidulafungin	FLVSLRDP	L642delta	4	False
4	A2	anidulafungin	FLVLLRDP	S643delta	3	False
4	B2	anidulafungin	FLVLLRDP	S643delta	4	False
4	C2	anidulafungin	FLVLSRDP	L644delta	3	False
4	D2	anidulafungin	FLVLSRDP	L644delta	4	False
4	E2	anidulafungin	FLVLSLDP	R645delta	3	False
4	F2	anidulafungin	FLVLSLDP	R645delta	4	False
4	G2	anidulafungin	FLVLSLRP	D646delta	3	False
4	H2	anidulafungin	FLVLSLRP	D646delta	4	False
4	A3	anidulafungin	FLVLSLRD	P647delta	3	False
4	B3	anidulafungin	FLVLSLRD	P647delta	4	False
4	C3	anidulafungin	CLVLSLRDP	F639C	1	True
4	D3	anidulafungin	CLVLSLRDP	F639C	2	True
4	E3	anidulafungin	FDVLSLRDP	L640D	1	True
4	F3	anidulafungin	FDVLSLRDP	L640D	2	True
4	G3	anidulafungin	FLVGSLRDP	L642G	3	True
4	H3	anidulafungin	FLVGSLRDP	L642G	4	False
4	A4	anidulafungin	FLVLSLRDQ	P647Q	2	True
4	B4	anidulafungin	FLVLSLRDQ	P647Q	3	False
4	C4	anidulafungin	FLVLSLRDN	P647N	1	True
4	D4	anidulafungin	FLVLSLRDN	P647N	3	True
4	E4	anidulafungin	VLVLSLRDP	F639V	1	True
4	F4	anidulafungin	VLVLSLRDP	F639V	2	True
4	G4	anidulafungin	SLVLSLRDP	F639S	3	True
4	H4	anidulafungin	SLVLSLRDP	F639S	4	True
4	A5	anidulafungin	FLVYSLRDP	L642Y	1	True
4	B5	anidulafungin	FLVYSLRDP	L642Y	2	True
4	C5	anidulafungin	FLVFSLRDP	L642F	3	True
4	D5	anidulafungin	FLVFSLRDP	L642F	4	False
4	E5	anidulafungin	FLVLPLRDP	S643P	3	False
4	F5	anidulafungin	FLVLPLRDP	S643P	4	True
4	G5	anidulafungin	FLVLFLRDP	S643F	1	True
4	H5	anidulafungin	FLVLFLRDP	S643F	2	True
4	A6	anidulafungin	FLVLYLRDP	S643Y	3	False
4	B6	anidulafungin	FLVLYLRDP	S643Y	4	True
4	C6	anidulafungin	FLVLCLRDP	S643C	3	True
4	D6	anidulafungin	FLVLCLRDP	S643C	4	True
4	E6	anidulafungin	FLVLSLRDA	P647A	3	False
4	F6	anidulafungin	FLVLSLRDA	P647A	4	False
4	G6	anidulafungin	FKVLSLRDP	L640K	1	True
4	H6	anidulafungin	FKVLSLRDP	L640K	3	True
4	A7	anidulafungin	FLSLSLRDP	V641S	1	True
4	B7	anidulafungin	FLSLSLRDP	V641S	2	True
4	C7	anidulafungin	FGVLSLRDP	L640G	2	True
4	D7	anidulafungin	FGVLSLRDP	L640G	3	True
4	E7	anidulafungin	FLVLSLRWP	D646W	3	True
4	F7	anidulafungin	FLVLSLRWP	D646W	4	False
4	G7	anidulafungin	DLVLSLRDP	F639D	1	True
4	H7	anidulafungin	DLVLSLRDP	F639D	2	True
4	A8	anidulafungin	ELVLSLRDP	F639E	2	True
4	B8	anidulafungin	ELVLSLRDP	F639E	3	False
4	C8	anidulafungin	FLFLSLRDP	V641F	2	True
4	D8	anidulafungin	FLFLSLRDP	V641F	3	True
4	E8	anidulafungin	FLHLSLRDP	V641H	1	True
4	F8	anidulafungin	FLHLSLRDP	V641H	2	True
4	G8	anidulafungin	FLVKSLRDP	L642K	1	True
4	H8	anidulafungin	FLVKSLRDP	L642K	4	False
4	A9	anidulafungin	FLVLLLRDP	S643L	1	True
4	B9	anidulafungin	FLVLLLRDP	S643L	3	False
4	C9	anidulafungin	FLVLSLDDP	R645D	1	True
4	D9	anidulafungin	FLVLSLDDP	R645D	2	True
4	E9	anidulafungin	FLVLSLSDP	R645S	3	True
4	F9	anidulafungin	FLVLSLSDP	R645S	4	True
4	G9	anidulafungin	FLWLSLRDP	V641W	1	True
4	H9	anidulafungin	FLWLSLRDP	V641W	2	True
4	A10	anidulafungin	FLVLSLQDP	R645Q	1	True
4	B10	anidulafungin	FLVLSLQDP	R645Q	3	True
4	C10	anidulafungin	QLVLSLRDP	F639Q	2	True
4	D10	anidulafungin	QLVLSLRDP	F639Q	3	False
4	E10	anidulafungin	FLVLSLRDP	WT	1	True
4	F10	anidulafungin	FLVLSLRDP	WT	2	True
4	G10	anidulafungin	FLVLSLRDP	BY	1	True
4	H10	anidulafungin	FLVLSLRDP	BY	2	True
